parnme,parnme,pargp,tpl
hk1_cn,hk1_cn,cn,hk1.dat_cn.tpl
hk1_cn,hk1_cn,cn,hk1.dat_cn.tpl
hk1_cn,hk1_cn,cn,hk1.dat_cn.tpl
hk1_cn,hk1_cn,cn,hk1.dat_cn.tpl
hk1_cn,hk1_cn,cn,hk1.dat_cn.tpl
hk1_cn,hk1_cn,cn,hk1.dat_cn.tpl
hk1_cn,hk1_cn,cn,hk1.dat_cn.tpl
hk1_cn,hk1_cn,cn,hk1.dat_cn.tpl
hk1_cn,hk1_cn,cn,hk1.dat_cn.tpl
hk1_cn,hk1_cn,cn,hk1.dat_cn.tpl
hk1_cn,hk1_cn,cn,hk1.dat_cn.tpl
hk1_cn,hk1_cn,cn,hk1.dat_cn.tpl
hk1_cn,hk1_cn,cn,hk1.dat_cn.tpl
hk1_cn,hk1_cn,cn,hk1.dat_cn.tpl
hk1_cn,hk1_cn,cn,hk1.dat_cn.tpl
hk1_cn,hk1_cn,cn,hk1.dat_cn.tpl
hk1_cn,hk1_cn,cn,hk1.dat_cn.tpl
hk1_cn,hk1_cn,cn,hk1.dat_cn.tpl
hk1_cn,hk1_cn,cn,hk1.dat_cn.tpl
hk1_cn,hk1_cn,cn,hk1.dat_cn.tpl
hk1_cn,hk1_cn,cn,hk1.dat_cn.tpl
hk1_cn,hk1_cn,cn,hk1.dat_cn.tpl
hk1_cn,hk1_cn,cn,hk1.dat_cn.tpl
hk1_cn,hk1_cn,cn,hk1.dat_cn.tpl
hk1_cn,hk1_cn,cn,hk1.dat_cn.tpl
hk1_cn,hk1_cn,cn,hk1.dat_cn.tpl
hk1_cn,hk1_cn,cn,hk1.dat_cn.tpl
hk1_cn,hk1_cn,cn,hk1.dat_cn.tpl
hk1_cn,hk1_cn,cn,hk1.dat_cn.tpl
hk1_cn,hk1_cn,cn,hk1.dat_cn.tpl
hk1_cn,hk1_cn,cn,hk1.dat_cn.tpl
hk1_cn,hk1_cn,cn,hk1.dat_cn.tpl
hk1_cn,hk1_cn,cn,hk1.dat_cn.tpl
hk1_cn,hk1_cn,cn,hk1.dat_cn.tpl
hk1_cn,hk1_cn,cn,hk1.dat_cn.tpl
hk1_cn,hk1_cn,cn,hk1.dat_cn.tpl
hk1_cn,hk1_cn,cn,hk1.dat_cn.tpl
hk1_cn,hk1_cn,cn,hk1.dat_cn.tpl
hk1_cn,hk1_cn,cn,hk1.dat_cn.tpl
hk1_cn,hk1_cn,cn,hk1.dat_cn.tpl
hk1_cn,hk1_cn,cn,hk1.dat_cn.tpl
hk1_cn,hk1_cn,cn,hk1.dat_cn.tpl
hk1_cn,hk1_cn,cn,hk1.dat_cn.tpl
hk1_cn,hk1_cn,cn,hk1.dat_cn.tpl
hk1_cn,hk1_cn,cn,hk1.dat_cn.tpl
hk1_cn,hk1_cn,cn,hk1.dat_cn.tpl
hk1_cn,hk1_cn,cn,hk1.dat_cn.tpl
hk1_cn,hk1_cn,cn,hk1.dat_cn.tpl
hk1_cn,hk1_cn,cn,hk1.dat_cn.tpl
hk1_cn,hk1_cn,cn,hk1.dat_cn.tpl
hk1_cn,hk1_cn,cn,hk1.dat_cn.tpl
hk1_cn,hk1_cn,cn,hk1.dat_cn.tpl
hk1_cn,hk1_cn,cn,hk1.dat_cn.tpl
hk1_cn,hk1_cn,cn,hk1.dat_cn.tpl
hk1_cn,hk1_cn,cn,hk1.dat_cn.tpl
hk1_cn,hk1_cn,cn,hk1.dat_cn.tpl
hk1_cn,hk1_cn,cn,hk1.dat_cn.tpl
hk1_cn,hk1_cn,cn,hk1.dat_cn.tpl
hk1_cn,hk1_cn,cn,hk1.dat_cn.tpl
hk1_cn,hk1_cn,cn,hk1.dat_cn.tpl
hk1_cn,hk1_cn,cn,hk1.dat_cn.tpl
hk1_cn,hk1_cn,cn,hk1.dat_cn.tpl
hk1_cn,hk1_cn,cn,hk1.dat_cn.tpl
hk1_cn,hk1_cn,cn,hk1.dat_cn.tpl
hk1_cn,hk1_cn,cn,hk1.dat_cn.tpl
hk1_cn,hk1_cn,cn,hk1.dat_cn.tpl
hk1_cn,hk1_cn,cn,hk1.dat_cn.tpl
hk1_cn,hk1_cn,cn,hk1.dat_cn.tpl
hk1_cn,hk1_cn,cn,hk1.dat_cn.tpl
hk1_cn,hk1_cn,cn,hk1.dat_cn.tpl
hk1_cn,hk1_cn,cn,hk1.dat_cn.tpl
hk1_cn,hk1_cn,cn,hk1.dat_cn.tpl
hk1_cn,hk1_cn,cn,hk1.dat_cn.tpl
hk1_cn,hk1_cn,cn,hk1.dat_cn.tpl
hk1_cn,hk1_cn,cn,hk1.dat_cn.tpl
hk1_cn,hk1_cn,cn,hk1.dat_cn.tpl
hk1_cn,hk1_cn,cn,hk1.dat_cn.tpl
hk1_cn,hk1_cn,cn,hk1.dat_cn.tpl
hk1_cn,hk1_cn,cn,hk1.dat_cn.tpl
hk1_cn,hk1_cn,cn,hk1.dat_cn.tpl
hk1_cn,hk1_cn,cn,hk1.dat_cn.tpl
hk1_cn,hk1_cn,cn,hk1.dat_cn.tpl
hk1_cn,hk1_cn,cn,hk1.dat_cn.tpl
hk1_cn,hk1_cn,cn,hk1.dat_cn.tpl
hk1_cn,hk1_cn,cn,hk1.dat_cn.tpl
hk1_cn,hk1_cn,cn,hk1.dat_cn.tpl
hk1_cn,hk1_cn,cn,hk1.dat_cn.tpl
hk1_cn,hk1_cn,cn,hk1.dat_cn.tpl
hk1_cn,hk1_cn,cn,hk1.dat_cn.tpl
hk1_cn,hk1_cn,cn,hk1.dat_cn.tpl
hk1_cn,hk1_cn,cn,hk1.dat_cn.tpl
hk1_cn,hk1_cn,cn,hk1.dat_cn.tpl
hk1_cn,hk1_cn,cn,hk1.dat_cn.tpl
hk1_cn,hk1_cn,cn,hk1.dat_cn.tpl
hk1_cn,hk1_cn,cn,hk1.dat_cn.tpl
hk1_cn,hk1_cn,cn,hk1.dat_cn.tpl
hk1_cn,hk1_cn,cn,hk1.dat_cn.tpl
hk1_cn,hk1_cn,cn,hk1.dat_cn.tpl
hk1_cn,hk1_cn,cn,hk1.dat_cn.tpl
hk1_cn,hk1_cn,cn,hk1.dat_cn.tpl
hk1_cn,hk1_cn,cn,hk1.dat_cn.tpl
hk1_cn,hk1_cn,cn,hk1.dat_cn.tpl
hk1_cn,hk1_cn,cn,hk1.dat_cn.tpl
hk1_cn,hk1_cn,cn,hk1.dat_cn.tpl
hk1_cn,hk1_cn,cn,hk1.dat_cn.tpl
hk1_cn,hk1_cn,cn,hk1.dat_cn.tpl
hk1_cn,hk1_cn,cn,hk1.dat_cn.tpl
hk1_cn,hk1_cn,cn,hk1.dat_cn.tpl
hk1_cn,hk1_cn,cn,hk1.dat_cn.tpl
hk1_cn,hk1_cn,cn,hk1.dat_cn.tpl
hk1_cn,hk1_cn,cn,hk1.dat_cn.tpl
hk1_cn,hk1_cn,cn,hk1.dat_cn.tpl
hk1_cn,hk1_cn,cn,hk1.dat_cn.tpl
hk1_cn,hk1_cn,cn,hk1.dat_cn.tpl
hk1_cn,hk1_cn,cn,hk1.dat_cn.tpl
hk1_cn,hk1_cn,cn,hk1.dat_cn.tpl
hk1_cn,hk1_cn,cn,hk1.dat_cn.tpl
hk1_cn,hk1_cn,cn,hk1.dat_cn.tpl
hk1_cn,hk1_cn,cn,hk1.dat_cn.tpl
hk1_cn,hk1_cn,cn,hk1.dat_cn.tpl
hk1_cn,hk1_cn,cn,hk1.dat_cn.tpl
hk1_cn,hk1_cn,cn,hk1.dat_cn.tpl
hk1_cn,hk1_cn,cn,hk1.dat_cn.tpl
hk1_cn,hk1_cn,cn,hk1.dat_cn.tpl
hk1_cn,hk1_cn,cn,hk1.dat_cn.tpl
hk1_cn,hk1_cn,cn,hk1.dat_cn.tpl
hk1_cn,hk1_cn,cn,hk1.dat_cn.tpl
hk1_cn,hk1_cn,cn,hk1.dat_cn.tpl
hk1_cn,hk1_cn,cn,hk1.dat_cn.tpl
hk1_cn,hk1_cn,cn,hk1.dat_cn.tpl
hk1_cn,hk1_cn,cn,hk1.dat_cn.tpl
hk1_cn,hk1_cn,cn,hk1.dat_cn.tpl
hk1_cn,hk1_cn,cn,hk1.dat_cn.tpl
hk1_cn,hk1_cn,cn,hk1.dat_cn.tpl
hk1_cn,hk1_cn,cn,hk1.dat_cn.tpl
hk1_cn,hk1_cn,cn,hk1.dat_cn.tpl
hk1_cn,hk1_cn,cn,hk1.dat_cn.tpl
hk1_cn,hk1_cn,cn,hk1.dat_cn.tpl
hk1_cn,hk1_cn,cn,hk1.dat_cn.tpl
hk1_cn,hk1_cn,cn,hk1.dat_cn.tpl
hk1_cn,hk1_cn,cn,hk1.dat_cn.tpl
hk1_cn,hk1_cn,cn,hk1.dat_cn.tpl
hk1_cn,hk1_cn,cn,hk1.dat_cn.tpl
hk1_cn,hk1_cn,cn,hk1.dat_cn.tpl
hk1_cn,hk1_cn,cn,hk1.dat_cn.tpl
hk1_cn,hk1_cn,cn,hk1.dat_cn.tpl
hk1_cn,hk1_cn,cn,hk1.dat_cn.tpl
hk1_cn,hk1_cn,cn,hk1.dat_cn.tpl
hk1_cn,hk1_cn,cn,hk1.dat_cn.tpl
hk1_cn,hk1_cn,cn,hk1.dat_cn.tpl
hk1_cn,hk1_cn,cn,hk1.dat_cn.tpl
hk1_cn,hk1_cn,cn,hk1.dat_cn.tpl
hk1_cn,hk1_cn,cn,hk1.dat_cn.tpl
hk1_cn,hk1_cn,cn,hk1.dat_cn.tpl
hk1_cn,hk1_cn,cn,hk1.dat_cn.tpl
hk1_cn,hk1_cn,cn,hk1.dat_cn.tpl
hk1_cn,hk1_cn,cn,hk1.dat_cn.tpl
hk1_cn,hk1_cn,cn,hk1.dat_cn.tpl
hk1_cn,hk1_cn,cn,hk1.dat_cn.tpl
hk1_cn,hk1_cn,cn,hk1.dat_cn.tpl
hk1_cn,hk1_cn,cn,hk1.dat_cn.tpl
hk1_cn,hk1_cn,cn,hk1.dat_cn.tpl
hk1_cn,hk1_cn,cn,hk1.dat_cn.tpl
hk1_cn,hk1_cn,cn,hk1.dat_cn.tpl
hk1_cn,hk1_cn,cn,hk1.dat_cn.tpl
hk1_cn,hk1_cn,cn,hk1.dat_cn.tpl
hk1_cn,hk1_cn,cn,hk1.dat_cn.tpl
hk1_cn,hk1_cn,cn,hk1.dat_cn.tpl
hk1_cn,hk1_cn,cn,hk1.dat_cn.tpl
hk1_cn,hk1_cn,cn,hk1.dat_cn.tpl
hk1_cn,hk1_cn,cn,hk1.dat_cn.tpl
hk1_cn,hk1_cn,cn,hk1.dat_cn.tpl
hk1_cn,hk1_cn,cn,hk1.dat_cn.tpl
hk1_cn,hk1_cn,cn,hk1.dat_cn.tpl
hk1_cn,hk1_cn,cn,hk1.dat_cn.tpl
hk1_cn,hk1_cn,cn,hk1.dat_cn.tpl
hk1_cn,hk1_cn,cn,hk1.dat_cn.tpl
hk1_cn,hk1_cn,cn,hk1.dat_cn.tpl
hk1_cn,hk1_cn,cn,hk1.dat_cn.tpl
hk1_cn,hk1_cn,cn,hk1.dat_cn.tpl
hk1_cn,hk1_cn,cn,hk1.dat_cn.tpl
hk1_cn,hk1_cn,cn,hk1.dat_cn.tpl
hk1_cn,hk1_cn,cn,hk1.dat_cn.tpl
hk1_cn,hk1_cn,cn,hk1.dat_cn.tpl
hk1_cn,hk1_cn,cn,hk1.dat_cn.tpl
hk1_cn,hk1_cn,cn,hk1.dat_cn.tpl
hk1_cn,hk1_cn,cn,hk1.dat_cn.tpl
hk1_cn,hk1_cn,cn,hk1.dat_cn.tpl
hk1_cn,hk1_cn,cn,hk1.dat_cn.tpl
hk1_cn,hk1_cn,cn,hk1.dat_cn.tpl
hk1_cn,hk1_cn,cn,hk1.dat_cn.tpl
hk1_cn,hk1_cn,cn,hk1.dat_cn.tpl
hk1_cn,hk1_cn,cn,hk1.dat_cn.tpl
hk1_cn,hk1_cn,cn,hk1.dat_cn.tpl
hk1_cn,hk1_cn,cn,hk1.dat_cn.tpl
hk1_cn,hk1_cn,cn,hk1.dat_cn.tpl
hk1_cn,hk1_cn,cn,hk1.dat_cn.tpl
hk1_cn,hk1_cn,cn,hk1.dat_cn.tpl
hk1_cn,hk1_cn,cn,hk1.dat_cn.tpl
hk1_cn,hk1_cn,cn,hk1.dat_cn.tpl
hk1_cn,hk1_cn,cn,hk1.dat_cn.tpl
hk1_cn,hk1_cn,cn,hk1.dat_cn.tpl
hk1_cn,hk1_cn,cn,hk1.dat_cn.tpl
hk1_cn,hk1_cn,cn,hk1.dat_cn.tpl
hk1_cn,hk1_cn,cn,hk1.dat_cn.tpl
hk1_cn,hk1_cn,cn,hk1.dat_cn.tpl
hk1_cn,hk1_cn,cn,hk1.dat_cn.tpl
hk1_cn,hk1_cn,cn,hk1.dat_cn.tpl
hk1_cn,hk1_cn,cn,hk1.dat_cn.tpl
hk1_cn,hk1_cn,cn,hk1.dat_cn.tpl
hk1_cn,hk1_cn,cn,hk1.dat_cn.tpl
hk1_cn,hk1_cn,cn,hk1.dat_cn.tpl
hk1_cn,hk1_cn,cn,hk1.dat_cn.tpl
hk1_cn,hk1_cn,cn,hk1.dat_cn.tpl
hk1_cn,hk1_cn,cn,hk1.dat_cn.tpl
hk1_cn,hk1_cn,cn,hk1.dat_cn.tpl
hk1_cn,hk1_cn,cn,hk1.dat_cn.tpl
hk1_cn,hk1_cn,cn,hk1.dat_cn.tpl
hk1_cn,hk1_cn,cn,hk1.dat_cn.tpl
hk1_cn,hk1_cn,cn,hk1.dat_cn.tpl
hk1_cn,hk1_cn,cn,hk1.dat_cn.tpl
hk1_cn,hk1_cn,cn,hk1.dat_cn.tpl
hk1_cn,hk1_cn,cn,hk1.dat_cn.tpl
hk1_cn,hk1_cn,cn,hk1.dat_cn.tpl
hk1_cn,hk1_cn,cn,hk1.dat_cn.tpl
hk1_cn,hk1_cn,cn,hk1.dat_cn.tpl
hk1_cn,hk1_cn,cn,hk1.dat_cn.tpl
hk1_cn,hk1_cn,cn,hk1.dat_cn.tpl
hk1_cn,hk1_cn,cn,hk1.dat_cn.tpl
hk1_cn,hk1_cn,cn,hk1.dat_cn.tpl
hk1_cn,hk1_cn,cn,hk1.dat_cn.tpl
hk1_cn,hk1_cn,cn,hk1.dat_cn.tpl
hk1_cn,hk1_cn,cn,hk1.dat_cn.tpl
hk1_cn,hk1_cn,cn,hk1.dat_cn.tpl
hk1_cn,hk1_cn,cn,hk1.dat_cn.tpl
hk1_cn,hk1_cn,cn,hk1.dat_cn.tpl
hk1_cn,hk1_cn,cn,hk1.dat_cn.tpl
hk1_cn,hk1_cn,cn,hk1.dat_cn.tpl
hk1_cn,hk1_cn,cn,hk1.dat_cn.tpl
hk1_cn,hk1_cn,cn,hk1.dat_cn.tpl
hk1_cn,hk1_cn,cn,hk1.dat_cn.tpl
hk1_cn,hk1_cn,cn,hk1.dat_cn.tpl
hk1_cn,hk1_cn,cn,hk1.dat_cn.tpl
hk1_cn,hk1_cn,cn,hk1.dat_cn.tpl
hk1_cn,hk1_cn,cn,hk1.dat_cn.tpl
hk1_cn,hk1_cn,cn,hk1.dat_cn.tpl
hk1_cn,hk1_cn,cn,hk1.dat_cn.tpl
hk1_cn,hk1_cn,cn,hk1.dat_cn.tpl
hk1_cn,hk1_cn,cn,hk1.dat_cn.tpl
hk1_cn,hk1_cn,cn,hk1.dat_cn.tpl
hk1_cn,hk1_cn,cn,hk1.dat_cn.tpl
hk1_cn,hk1_cn,cn,hk1.dat_cn.tpl
hk1_cn,hk1_cn,cn,hk1.dat_cn.tpl
hk1_cn,hk1_cn,cn,hk1.dat_cn.tpl
hk1_cn,hk1_cn,cn,hk1.dat_cn.tpl
hk1_cn,hk1_cn,cn,hk1.dat_cn.tpl
hk1_cn,hk1_cn,cn,hk1.dat_cn.tpl
hk1_cn,hk1_cn,cn,hk1.dat_cn.tpl
hk1_cn,hk1_cn,cn,hk1.dat_cn.tpl
hk1_cn,hk1_cn,cn,hk1.dat_cn.tpl
hk1_cn,hk1_cn,cn,hk1.dat_cn.tpl
hk1_cn,hk1_cn,cn,hk1.dat_cn.tpl
hk1_cn,hk1_cn,cn,hk1.dat_cn.tpl
hk1_cn,hk1_cn,cn,hk1.dat_cn.tpl
hk1_cn,hk1_cn,cn,hk1.dat_cn.tpl
hk1_cn,hk1_cn,cn,hk1.dat_cn.tpl
hk1_cn,hk1_cn,cn,hk1.dat_cn.tpl
hk1_cn,hk1_cn,cn,hk1.dat_cn.tpl
hk1_cn,hk1_cn,cn,hk1.dat_cn.tpl
hk1_cn,hk1_cn,cn,hk1.dat_cn.tpl
hk1_cn,hk1_cn,cn,hk1.dat_cn.tpl
hk1_cn,hk1_cn,cn,hk1.dat_cn.tpl
hk1_cn,hk1_cn,cn,hk1.dat_cn.tpl
hk1_cn,hk1_cn,cn,hk1.dat_cn.tpl
hk1_cn,hk1_cn,cn,hk1.dat_cn.tpl
hk1_cn,hk1_cn,cn,hk1.dat_cn.tpl
hk1_cn,hk1_cn,cn,hk1.dat_cn.tpl
hk1_cn,hk1_cn,cn,hk1.dat_cn.tpl
hk1_cn,hk1_cn,cn,hk1.dat_cn.tpl
hk1_cn,hk1_cn,cn,hk1.dat_cn.tpl
hk1_cn,hk1_cn,cn,hk1.dat_cn.tpl
hk1_cn,hk1_cn,cn,hk1.dat_cn.tpl
hk1_cn,hk1_cn,cn,hk1.dat_cn.tpl
hk1_cn,hk1_cn,cn,hk1.dat_cn.tpl
hk1_cn,hk1_cn,cn,hk1.dat_cn.tpl
hk1_cn,hk1_cn,cn,hk1.dat_cn.tpl
hk1_cn,hk1_cn,cn,hk1.dat_cn.tpl
hk1_cn,hk1_cn,cn,hk1.dat_cn.tpl
hk1_cn,hk1_cn,cn,hk1.dat_cn.tpl
hk1_cn,hk1_cn,cn,hk1.dat_cn.tpl
hk1_cn,hk1_cn,cn,hk1.dat_cn.tpl
hk1_cn,hk1_cn,cn,hk1.dat_cn.tpl
hk1_cn,hk1_cn,cn,hk1.dat_cn.tpl
hk1_cn,hk1_cn,cn,hk1.dat_cn.tpl
hk1_cn,hk1_cn,cn,hk1.dat_cn.tpl
hk1_cn,hk1_cn,cn,hk1.dat_cn.tpl
hk1_cn,hk1_cn,cn,hk1.dat_cn.tpl
hk1_cn,hk1_cn,cn,hk1.dat_cn.tpl
hk1_cn,hk1_cn,cn,hk1.dat_cn.tpl
hk1_cn,hk1_cn,cn,hk1.dat_cn.tpl
hk1_cn,hk1_cn,cn,hk1.dat_cn.tpl
hk1_cn,hk1_cn,cn,hk1.dat_cn.tpl
hk1_cn,hk1_cn,cn,hk1.dat_cn.tpl
hk1_cn,hk1_cn,cn,hk1.dat_cn.tpl
hk1_cn,hk1_cn,cn,hk1.dat_cn.tpl
hk1_cn,hk1_cn,cn,hk1.dat_cn.tpl
hk1_cn,hk1_cn,cn,hk1.dat_cn.tpl
hk1_cn,hk1_cn,cn,hk1.dat_cn.tpl
hk1_cn,hk1_cn,cn,hk1.dat_cn.tpl
hk1_cn,hk1_cn,cn,hk1.dat_cn.tpl
hk1_cn,hk1_cn,cn,hk1.dat_cn.tpl
hk1_cn,hk1_cn,cn,hk1.dat_cn.tpl
hk1_cn,hk1_cn,cn,hk1.dat_cn.tpl
hk1_cn,hk1_cn,cn,hk1.dat_cn.tpl
hk1_cn,hk1_cn,cn,hk1.dat_cn.tpl
hk1_cn,hk1_cn,cn,hk1.dat_cn.tpl
hk1_cn,hk1_cn,cn,hk1.dat_cn.tpl
hk1_cn,hk1_cn,cn,hk1.dat_cn.tpl
hk1_cn,hk1_cn,cn,hk1.dat_cn.tpl
hk1_cn,hk1_cn,cn,hk1.dat_cn.tpl
hk1_cn,hk1_cn,cn,hk1.dat_cn.tpl
hk1_cn,hk1_cn,cn,hk1.dat_cn.tpl
hk1_cn,hk1_cn,cn,hk1.dat_cn.tpl
hk1_cn,hk1_cn,cn,hk1.dat_cn.tpl
hk1_cn,hk1_cn,cn,hk1.dat_cn.tpl
hk1_cn,hk1_cn,cn,hk1.dat_cn.tpl
hk1_cn,hk1_cn,cn,hk1.dat_cn.tpl
hk1_cn,hk1_cn,cn,hk1.dat_cn.tpl
hk1_cn,hk1_cn,cn,hk1.dat_cn.tpl
hk1_cn,hk1_cn,cn,hk1.dat_cn.tpl
hk1_cn,hk1_cn,cn,hk1.dat_cn.tpl
hk1_cn,hk1_cn,cn,hk1.dat_cn.tpl
hk1_cn,hk1_cn,cn,hk1.dat_cn.tpl
hk1_cn,hk1_cn,cn,hk1.dat_cn.tpl
hk1_cn,hk1_cn,cn,hk1.dat_cn.tpl
hk1_cn,hk1_cn,cn,hk1.dat_cn.tpl
hk1_cn,hk1_cn,cn,hk1.dat_cn.tpl
hk1_cn,hk1_cn,cn,hk1.dat_cn.tpl
hk1_cn,hk1_cn,cn,hk1.dat_cn.tpl
hk1_cn,hk1_cn,cn,hk1.dat_cn.tpl
hk1_cn,hk1_cn,cn,hk1.dat_cn.tpl
hk1_cn,hk1_cn,cn,hk1.dat_cn.tpl
hk1_cn,hk1_cn,cn,hk1.dat_cn.tpl
hk1_cn,hk1_cn,cn,hk1.dat_cn.tpl
hk1_cn,hk1_cn,cn,hk1.dat_cn.tpl
hk1_cn,hk1_cn,cn,hk1.dat_cn.tpl
hk1_cn,hk1_cn,cn,hk1.dat_cn.tpl
hk1_cn,hk1_cn,cn,hk1.dat_cn.tpl
hk1_cn,hk1_cn,cn,hk1.dat_cn.tpl
hk1_cn,hk1_cn,cn,hk1.dat_cn.tpl
hk1_cn,hk1_cn,cn,hk1.dat_cn.tpl
hk1_cn,hk1_cn,cn,hk1.dat_cn.tpl
hk1_cn,hk1_cn,cn,hk1.dat_cn.tpl
hk1_cn,hk1_cn,cn,hk1.dat_cn.tpl
hk1_cn,hk1_cn,cn,hk1.dat_cn.tpl
hk1_cn,hk1_cn,cn,hk1.dat_cn.tpl
hk1_cn,hk1_cn,cn,hk1.dat_cn.tpl
hk1_cn,hk1_cn,cn,hk1.dat_cn.tpl
hk1_cn,hk1_cn,cn,hk1.dat_cn.tpl
hk1_cn,hk1_cn,cn,hk1.dat_cn.tpl
hk1_cn,hk1_cn,cn,hk1.dat_cn.tpl
hk1_cn,hk1_cn,cn,hk1.dat_cn.tpl
hk1_cn,hk1_cn,cn,hk1.dat_cn.tpl
hk1_cn,hk1_cn,cn,hk1.dat_cn.tpl
hk1_cn,hk1_cn,cn,hk1.dat_cn.tpl
hk1_cn,hk1_cn,cn,hk1.dat_cn.tpl
hk1_cn,hk1_cn,cn,hk1.dat_cn.tpl
hk1_cn,hk1_cn,cn,hk1.dat_cn.tpl
hk1_cn,hk1_cn,cn,hk1.dat_cn.tpl
hk1_cn,hk1_cn,cn,hk1.dat_cn.tpl
hk1_cn,hk1_cn,cn,hk1.dat_cn.tpl
hk1_cn,hk1_cn,cn,hk1.dat_cn.tpl
hk1_cn,hk1_cn,cn,hk1.dat_cn.tpl
hk1_cn,hk1_cn,cn,hk1.dat_cn.tpl
hk1_cn,hk1_cn,cn,hk1.dat_cn.tpl
hk1_cn,hk1_cn,cn,hk1.dat_cn.tpl
hk1_cn,hk1_cn,cn,hk1.dat_cn.tpl
hk1_cn,hk1_cn,cn,hk1.dat_cn.tpl
hk1_cn,hk1_cn,cn,hk1.dat_cn.tpl
hk1_cn,hk1_cn,cn,hk1.dat_cn.tpl
hk1_cn,hk1_cn,cn,hk1.dat_cn.tpl
hk1_cn,hk1_cn,cn,hk1.dat_cn.tpl
hk1_cn,hk1_cn,cn,hk1.dat_cn.tpl
hk1_cn,hk1_cn,cn,hk1.dat_cn.tpl
hk1_cn,hk1_cn,cn,hk1.dat_cn.tpl
hk1_cn,hk1_cn,cn,hk1.dat_cn.tpl
hk1_cn,hk1_cn,cn,hk1.dat_cn.tpl
hk1_cn,hk1_cn,cn,hk1.dat_cn.tpl
hk1_cn,hk1_cn,cn,hk1.dat_cn.tpl
hk1_cn,hk1_cn,cn,hk1.dat_cn.tpl
hk1_cn,hk1_cn,cn,hk1.dat_cn.tpl
hk1_cn,hk1_cn,cn,hk1.dat_cn.tpl
hk1_cn,hk1_cn,cn,hk1.dat_cn.tpl
hk1_cn,hk1_cn,cn,hk1.dat_cn.tpl
hk1_cn,hk1_cn,cn,hk1.dat_cn.tpl
hk1_cn,hk1_cn,cn,hk1.dat_cn.tpl
hk1_cn,hk1_cn,cn,hk1.dat_cn.tpl
hk1_cn,hk1_cn,cn,hk1.dat_cn.tpl
hk1_cn,hk1_cn,cn,hk1.dat_cn.tpl
hk1_cn,hk1_cn,cn,hk1.dat_cn.tpl
hk1_cn,hk1_cn,cn,hk1.dat_cn.tpl
hk1_cn,hk1_cn,cn,hk1.dat_cn.tpl
hk1_cn,hk1_cn,cn,hk1.dat_cn.tpl
hk1_cn,hk1_cn,cn,hk1.dat_cn.tpl
hk1_cn,hk1_cn,cn,hk1.dat_cn.tpl
hk1_cn,hk1_cn,cn,hk1.dat_cn.tpl
hk1_cn,hk1_cn,cn,hk1.dat_cn.tpl
hk1_cn,hk1_cn,cn,hk1.dat_cn.tpl
hk1_cn,hk1_cn,cn,hk1.dat_cn.tpl
hk1_cn,hk1_cn,cn,hk1.dat_cn.tpl
hk1_cn,hk1_cn,cn,hk1.dat_cn.tpl
hk1_cn,hk1_cn,cn,hk1.dat_cn.tpl
hk1_cn,hk1_cn,cn,hk1.dat_cn.tpl
hk1_cn,hk1_cn,cn,hk1.dat_cn.tpl
hk1_cn,hk1_cn,cn,hk1.dat_cn.tpl
hk1_cn,hk1_cn,cn,hk1.dat_cn.tpl
hk1_cn,hk1_cn,cn,hk1.dat_cn.tpl
hk1_cn,hk1_cn,cn,hk1.dat_cn.tpl
hk1_cn,hk1_cn,cn,hk1.dat_cn.tpl
hk1_cn,hk1_cn,cn,hk1.dat_cn.tpl
hk1_cn,hk1_cn,cn,hk1.dat_cn.tpl
hk1_cn,hk1_cn,cn,hk1.dat_cn.tpl
hk1_cn,hk1_cn,cn,hk1.dat_cn.tpl
hk1_cn,hk1_cn,cn,hk1.dat_cn.tpl
hk1_cn,hk1_cn,cn,hk1.dat_cn.tpl
hk1_cn,hk1_cn,cn,hk1.dat_cn.tpl
hk1_cn,hk1_cn,cn,hk1.dat_cn.tpl
hk1_cn,hk1_cn,cn,hk1.dat_cn.tpl
hk1_cn,hk1_cn,cn,hk1.dat_cn.tpl
hk1_cn,hk1_cn,cn,hk1.dat_cn.tpl
hk1_cn,hk1_cn,cn,hk1.dat_cn.tpl
hk1_cn,hk1_cn,cn,hk1.dat_cn.tpl
hk1_cn,hk1_cn,cn,hk1.dat_cn.tpl
hk1_cn,hk1_cn,cn,hk1.dat_cn.tpl
hk1_cn,hk1_cn,cn,hk1.dat_cn.tpl
hk1_cn,hk1_cn,cn,hk1.dat_cn.tpl
hk1_cn,hk1_cn,cn,hk1.dat_cn.tpl
hk1_cn,hk1_cn,cn,hk1.dat_cn.tpl
hk1_cn,hk1_cn,cn,hk1.dat_cn.tpl
hk1_cn,hk1_cn,cn,hk1.dat_cn.tpl
hk1_cn,hk1_cn,cn,hk1.dat_cn.tpl
hk1_cn,hk1_cn,cn,hk1.dat_cn.tpl
hk1_cn,hk1_cn,cn,hk1.dat_cn.tpl
hk1_cn,hk1_cn,cn,hk1.dat_cn.tpl
hk1_cn,hk1_cn,cn,hk1.dat_cn.tpl
hk1_cn,hk1_cn,cn,hk1.dat_cn.tpl
hk1_cn,hk1_cn,cn,hk1.dat_cn.tpl
hk1_cn,hk1_cn,cn,hk1.dat_cn.tpl
hk1_cn,hk1_cn,cn,hk1.dat_cn.tpl
hk1_cn,hk1_cn,cn,hk1.dat_cn.tpl
hk1_cn,hk1_cn,cn,hk1.dat_cn.tpl
hk1_cn,hk1_cn,cn,hk1.dat_cn.tpl
hk1_cn,hk1_cn,cn,hk1.dat_cn.tpl
hk1_cn,hk1_cn,cn,hk1.dat_cn.tpl
hk1_cn,hk1_cn,cn,hk1.dat_cn.tpl
hk1_cn,hk1_cn,cn,hk1.dat_cn.tpl
hk1_cn,hk1_cn,cn,hk1.dat_cn.tpl
hk1_cn,hk1_cn,cn,hk1.dat_cn.tpl
hk1_cn,hk1_cn,cn,hk1.dat_cn.tpl
hk1_cn,hk1_cn,cn,hk1.dat_cn.tpl
hk1_cn,hk1_cn,cn,hk1.dat_cn.tpl
hk1_cn,hk1_cn,cn,hk1.dat_cn.tpl
hk1_cn,hk1_cn,cn,hk1.dat_cn.tpl
hk1_cn,hk1_cn,cn,hk1.dat_cn.tpl
hk1_cn,hk1_cn,cn,hk1.dat_cn.tpl
hk1_cn,hk1_cn,cn,hk1.dat_cn.tpl
hk1_cn,hk1_cn,cn,hk1.dat_cn.tpl
hk1_cn,hk1_cn,cn,hk1.dat_cn.tpl
hk1_cn,hk1_cn,cn,hk1.dat_cn.tpl
hk1_cn,hk1_cn,cn,hk1.dat_cn.tpl
hk1_cn,hk1_cn,cn,hk1.dat_cn.tpl
hk1_cn,hk1_cn,cn,hk1.dat_cn.tpl
hk1_cn,hk1_cn,cn,hk1.dat_cn.tpl
hk1_cn,hk1_cn,cn,hk1.dat_cn.tpl
hk1_cn,hk1_cn,cn,hk1.dat_cn.tpl
hk1_cn,hk1_cn,cn,hk1.dat_cn.tpl
hk1_cn,hk1_cn,cn,hk1.dat_cn.tpl
hk1_cn,hk1_cn,cn,hk1.dat_cn.tpl
hk1_cn,hk1_cn,cn,hk1.dat_cn.tpl
hk1_cn,hk1_cn,cn,hk1.dat_cn.tpl
hk1_cn,hk1_cn,cn,hk1.dat_cn.tpl
hk1_cn,hk1_cn,cn,hk1.dat_cn.tpl
hk1_cn,hk1_cn,cn,hk1.dat_cn.tpl
hk1_cn,hk1_cn,cn,hk1.dat_cn.tpl
hk1_cn,hk1_cn,cn,hk1.dat_cn.tpl
hk1_cn,hk1_cn,cn,hk1.dat_cn.tpl
hk1_cn,hk1_cn,cn,hk1.dat_cn.tpl
hk1_cn,hk1_cn,cn,hk1.dat_cn.tpl
hk1_cn,hk1_cn,cn,hk1.dat_cn.tpl
hk1_cn,hk1_cn,cn,hk1.dat_cn.tpl
hk1_cn,hk1_cn,cn,hk1.dat_cn.tpl
hk1_cn,hk1_cn,cn,hk1.dat_cn.tpl
hk1_cn,hk1_cn,cn,hk1.dat_cn.tpl
hk1_cn,hk1_cn,cn,hk1.dat_cn.tpl
hk1_cn,hk1_cn,cn,hk1.dat_cn.tpl
hk1_cn,hk1_cn,cn,hk1.dat_cn.tpl
hk1_cn,hk1_cn,cn,hk1.dat_cn.tpl
hk1_cn,hk1_cn,cn,hk1.dat_cn.tpl
hk1_cn,hk1_cn,cn,hk1.dat_cn.tpl
hk1_cn,hk1_cn,cn,hk1.dat_cn.tpl
hk1_cn,hk1_cn,cn,hk1.dat_cn.tpl
hk1_cn,hk1_cn,cn,hk1.dat_cn.tpl
hk1_cn,hk1_cn,cn,hk1.dat_cn.tpl
hk1_cn,hk1_cn,cn,hk1.dat_cn.tpl
hk1_cn,hk1_cn,cn,hk1.dat_cn.tpl
hk1_cn,hk1_cn,cn,hk1.dat_cn.tpl
hk1_cn,hk1_cn,cn,hk1.dat_cn.tpl
hk1_cn,hk1_cn,cn,hk1.dat_cn.tpl
hk1_cn,hk1_cn,cn,hk1.dat_cn.tpl
hk1_cn,hk1_cn,cn,hk1.dat_cn.tpl
hk1_cn,hk1_cn,cn,hk1.dat_cn.tpl
hk1_cn,hk1_cn,cn,hk1.dat_cn.tpl
hk1_cn,hk1_cn,cn,hk1.dat_cn.tpl
hk1_cn,hk1_cn,cn,hk1.dat_cn.tpl
hk1_cn,hk1_cn,cn,hk1.dat_cn.tpl
hk1_cn,hk1_cn,cn,hk1.dat_cn.tpl
hk1_cn,hk1_cn,cn,hk1.dat_cn.tpl
hk1_cn,hk1_cn,cn,hk1.dat_cn.tpl
hk1_cn,hk1_cn,cn,hk1.dat_cn.tpl
hk1_cn,hk1_cn,cn,hk1.dat_cn.tpl
hk1_cn,hk1_cn,cn,hk1.dat_cn.tpl
hk1_cn,hk1_cn,cn,hk1.dat_cn.tpl
hk1_cn,hk1_cn,cn,hk1.dat_cn.tpl
hk1_cn,hk1_cn,cn,hk1.dat_cn.tpl
hk1_cn,hk1_cn,cn,hk1.dat_cn.tpl
hk1_cn,hk1_cn,cn,hk1.dat_cn.tpl
hk1_cn,hk1_cn,cn,hk1.dat_cn.tpl
hk1_cn,hk1_cn,cn,hk1.dat_cn.tpl
hk1_cn,hk1_cn,cn,hk1.dat_cn.tpl
hk1_cn,hk1_cn,cn,hk1.dat_cn.tpl
hk1_cn,hk1_cn,cn,hk1.dat_cn.tpl
hk1_cn,hk1_cn,cn,hk1.dat_cn.tpl
hk1_cn,hk1_cn,cn,hk1.dat_cn.tpl
hk1_cn,hk1_cn,cn,hk1.dat_cn.tpl
hk1_cn,hk1_cn,cn,hk1.dat_cn.tpl
hk1_cn,hk1_cn,cn,hk1.dat_cn.tpl
hk1_cn,hk1_cn,cn,hk1.dat_cn.tpl
hk1_cn,hk1_cn,cn,hk1.dat_cn.tpl
hk1_cn,hk1_cn,cn,hk1.dat_cn.tpl
hk1_cn,hk1_cn,cn,hk1.dat_cn.tpl
hk1_cn,hk1_cn,cn,hk1.dat_cn.tpl
hk1_cn,hk1_cn,cn,hk1.dat_cn.tpl
hk1_cn,hk1_cn,cn,hk1.dat_cn.tpl
hk1_cn,hk1_cn,cn,hk1.dat_cn.tpl
hk1_cn,hk1_cn,cn,hk1.dat_cn.tpl
hk1_cn,hk1_cn,cn,hk1.dat_cn.tpl
hk1_cn,hk1_cn,cn,hk1.dat_cn.tpl
hk1_cn,hk1_cn,cn,hk1.dat_cn.tpl
hk1_cn,hk1_cn,cn,hk1.dat_cn.tpl
hk1_cn,hk1_cn,cn,hk1.dat_cn.tpl
hk1_cn,hk1_cn,cn,hk1.dat_cn.tpl
hk1_cn,hk1_cn,cn,hk1.dat_cn.tpl
hk1_cn,hk1_cn,cn,hk1.dat_cn.tpl
hk1_cn,hk1_cn,cn,hk1.dat_cn.tpl
hk1_cn,hk1_cn,cn,hk1.dat_cn.tpl
hk1_cn,hk1_cn,cn,hk1.dat_cn.tpl
hk1_cn,hk1_cn,cn,hk1.dat_cn.tpl
hk1_cn,hk1_cn,cn,hk1.dat_cn.tpl
hk1_cn,hk1_cn,cn,hk1.dat_cn.tpl
hk1_cn,hk1_cn,cn,hk1.dat_cn.tpl
hk1_cn,hk1_cn,cn,hk1.dat_cn.tpl
hk1_cn,hk1_cn,cn,hk1.dat_cn.tpl
hk1_cn,hk1_cn,cn,hk1.dat_cn.tpl
hk1_cn,hk1_cn,cn,hk1.dat_cn.tpl
hk1_cn,hk1_cn,cn,hk1.dat_cn.tpl
hk1_cn,hk1_cn,cn,hk1.dat_cn.tpl
hk1_cn,hk1_cn,cn,hk1.dat_cn.tpl
hk1_cn,hk1_cn,cn,hk1.dat_cn.tpl
hk1_cn,hk1_cn,cn,hk1.dat_cn.tpl
hk1_cn,hk1_cn,cn,hk1.dat_cn.tpl
hk1_cn,hk1_cn,cn,hk1.dat_cn.tpl
hk1_cn,hk1_cn,cn,hk1.dat_cn.tpl
hk1_cn,hk1_cn,cn,hk1.dat_cn.tpl
hk1_cn,hk1_cn,cn,hk1.dat_cn.tpl
hk1_cn,hk1_cn,cn,hk1.dat_cn.tpl
hk1_cn,hk1_cn,cn,hk1.dat_cn.tpl
hk1_cn,hk1_cn,cn,hk1.dat_cn.tpl
hk1_cn,hk1_cn,cn,hk1.dat_cn.tpl
hk1_cn,hk1_cn,cn,hk1.dat_cn.tpl
hk1_cn,hk1_cn,cn,hk1.dat_cn.tpl
hk1_cn,hk1_cn,cn,hk1.dat_cn.tpl
hk1_cn,hk1_cn,cn,hk1.dat_cn.tpl
hk1_cn,hk1_cn,cn,hk1.dat_cn.tpl
hk1_cn,hk1_cn,cn,hk1.dat_cn.tpl
hk1_cn,hk1_cn,cn,hk1.dat_cn.tpl
hk1_cn,hk1_cn,cn,hk1.dat_cn.tpl
hk1_cn,hk1_cn,cn,hk1.dat_cn.tpl
hk1_cn,hk1_cn,cn,hk1.dat_cn.tpl
hk1_cn,hk1_cn,cn,hk1.dat_cn.tpl
hk1_cn,hk1_cn,cn,hk1.dat_cn.tpl
hk1_cn,hk1_cn,cn,hk1.dat_cn.tpl
hk1_cn,hk1_cn,cn,hk1.dat_cn.tpl
hk1_cn,hk1_cn,cn,hk1.dat_cn.tpl
hk1_cn,hk1_cn,cn,hk1.dat_cn.tpl
hk1_cn,hk1_cn,cn,hk1.dat_cn.tpl
hk1_cn,hk1_cn,cn,hk1.dat_cn.tpl
hk1_cn,hk1_cn,cn,hk1.dat_cn.tpl
hk1_cn,hk1_cn,cn,hk1.dat_cn.tpl
hk1_cn,hk1_cn,cn,hk1.dat_cn.tpl
hk1_cn,hk1_cn,cn,hk1.dat_cn.tpl
hk1_cn,hk1_cn,cn,hk1.dat_cn.tpl
hk1_cn,hk1_cn,cn,hk1.dat_cn.tpl
hk1_cn,hk1_cn,cn,hk1.dat_cn.tpl
hk1_cn,hk1_cn,cn,hk1.dat_cn.tpl
hk1_cn,hk1_cn,cn,hk1.dat_cn.tpl
hk1_cn,hk1_cn,cn,hk1.dat_cn.tpl
hk1_cn,hk1_cn,cn,hk1.dat_cn.tpl
hk1_cn,hk1_cn,cn,hk1.dat_cn.tpl
hk1_cn,hk1_cn,cn,hk1.dat_cn.tpl
hk1_cn,hk1_cn,cn,hk1.dat_cn.tpl
hk1_cn,hk1_cn,cn,hk1.dat_cn.tpl
hk1_cn,hk1_cn,cn,hk1.dat_cn.tpl
hk1_cn,hk1_cn,cn,hk1.dat_cn.tpl
hk1_cn,hk1_cn,cn,hk1.dat_cn.tpl
hk1_cn,hk1_cn,cn,hk1.dat_cn.tpl
hk1_cn,hk1_cn,cn,hk1.dat_cn.tpl
hk1_cn,hk1_cn,cn,hk1.dat_cn.tpl
hk1_cn,hk1_cn,cn,hk1.dat_cn.tpl
hk1_cn,hk1_cn,cn,hk1.dat_cn.tpl
hk1_cn,hk1_cn,cn,hk1.dat_cn.tpl
hk1_cn,hk1_cn,cn,hk1.dat_cn.tpl
hk1_cn,hk1_cn,cn,hk1.dat_cn.tpl
hk1_cn,hk1_cn,cn,hk1.dat_cn.tpl
hk1_cn,hk1_cn,cn,hk1.dat_cn.tpl
hk1_cn,hk1_cn,cn,hk1.dat_cn.tpl
hk1_cn,hk1_cn,cn,hk1.dat_cn.tpl
hk1_cn,hk1_cn,cn,hk1.dat_cn.tpl
hk1_cn,hk1_cn,cn,hk1.dat_cn.tpl
hk1_cn,hk1_cn,cn,hk1.dat_cn.tpl
hk1_cn,hk1_cn,cn,hk1.dat_cn.tpl
hk1_cn,hk1_cn,cn,hk1.dat_cn.tpl
hk1_cn,hk1_cn,cn,hk1.dat_cn.tpl
hk1_cn,hk1_cn,cn,hk1.dat_cn.tpl
hk1_cn,hk1_cn,cn,hk1.dat_cn.tpl
hk1_cn,hk1_cn,cn,hk1.dat_cn.tpl
hk1_cn,hk1_cn,cn,hk1.dat_cn.tpl
hk1_cn,hk1_cn,cn,hk1.dat_cn.tpl
hk1_cn,hk1_cn,cn,hk1.dat_cn.tpl
hk1_cn,hk1_cn,cn,hk1.dat_cn.tpl
hk1_cn,hk1_cn,cn,hk1.dat_cn.tpl
hk1_cn,hk1_cn,cn,hk1.dat_cn.tpl
hk1_cn,hk1_cn,cn,hk1.dat_cn.tpl
hk1_cn,hk1_cn,cn,hk1.dat_cn.tpl
hk1_cn,hk1_cn,cn,hk1.dat_cn.tpl
hk1_cn,hk1_cn,cn,hk1.dat_cn.tpl
hk1_cn,hk1_cn,cn,hk1.dat_cn.tpl
hk1_cn,hk1_cn,cn,hk1.dat_cn.tpl
hk1_cn,hk1_cn,cn,hk1.dat_cn.tpl
hk1_cn,hk1_cn,cn,hk1.dat_cn.tpl
hk1_cn,hk1_cn,cn,hk1.dat_cn.tpl
hk1_cn,hk1_cn,cn,hk1.dat_cn.tpl
hk1_cn,hk1_cn,cn,hk1.dat_cn.tpl
hk1_cn,hk1_cn,cn,hk1.dat_cn.tpl
hk1_cn,hk1_cn,cn,hk1.dat_cn.tpl
hk1_cn,hk1_cn,cn,hk1.dat_cn.tpl
hk1_cn,hk1_cn,cn,hk1.dat_cn.tpl
hk1_cn,hk1_cn,cn,hk1.dat_cn.tpl
hk1_cn,hk1_cn,cn,hk1.dat_cn.tpl
hk1_cn,hk1_cn,cn,hk1.dat_cn.tpl
hk1_cn,hk1_cn,cn,hk1.dat_cn.tpl
hk1_cn,hk1_cn,cn,hk1.dat_cn.tpl
hk1_cn,hk1_cn,cn,hk1.dat_cn.tpl
hk1_cn,hk1_cn,cn,hk1.dat_cn.tpl
hk1_cn,hk1_cn,cn,hk1.dat_cn.tpl
hk1_cn,hk1_cn,cn,hk1.dat_cn.tpl
hk1_cn,hk1_cn,cn,hk1.dat_cn.tpl
hk1_cn,hk1_cn,cn,hk1.dat_cn.tpl
hk1_cn,hk1_cn,cn,hk1.dat_cn.tpl
hk1_cn,hk1_cn,cn,hk1.dat_cn.tpl
hk1_cn,hk1_cn,cn,hk1.dat_cn.tpl
hk1_cn,hk1_cn,cn,hk1.dat_cn.tpl
hk1_cn,hk1_cn,cn,hk1.dat_cn.tpl
hk1_cn,hk1_cn,cn,hk1.dat_cn.tpl
hk1_cn,hk1_cn,cn,hk1.dat_cn.tpl
hk1_cn,hk1_cn,cn,hk1.dat_cn.tpl
hk1_cn,hk1_cn,cn,hk1.dat_cn.tpl
hk1_cn,hk1_cn,cn,hk1.dat_cn.tpl
hk1_cn,hk1_cn,cn,hk1.dat_cn.tpl
hk1_cn,hk1_cn,cn,hk1.dat_cn.tpl
hk1_cn,hk1_cn,cn,hk1.dat_cn.tpl
hk1_cn,hk1_cn,cn,hk1.dat_cn.tpl
hk1_cn,hk1_cn,cn,hk1.dat_cn.tpl
hk1_cn,hk1_cn,cn,hk1.dat_cn.tpl
hk1_cn,hk1_cn,cn,hk1.dat_cn.tpl
hk1_cn,hk1_cn,cn,hk1.dat_cn.tpl
hk1_cn,hk1_cn,cn,hk1.dat_cn.tpl
hk1_cn,hk1_cn,cn,hk1.dat_cn.tpl
hk1_cn,hk1_cn,cn,hk1.dat_cn.tpl
hk1_cn,hk1_cn,cn,hk1.dat_cn.tpl
hk1_cn,hk1_cn,cn,hk1.dat_cn.tpl
hk1_cn,hk1_cn,cn,hk1.dat_cn.tpl
hk1_cn,hk1_cn,cn,hk1.dat_cn.tpl
hk1_cn,hk1_cn,cn,hk1.dat_cn.tpl
hk1_cn,hk1_cn,cn,hk1.dat_cn.tpl
hk1_cn,hk1_cn,cn,hk1.dat_cn.tpl
rech1_cn,rech1_cn,cn,rech1.dat_cn.tpl
rech1_cn,rech1_cn,cn,rech1.dat_cn.tpl
rech1_cn,rech1_cn,cn,rech1.dat_cn.tpl
rech1_cn,rech1_cn,cn,rech1.dat_cn.tpl
rech1_cn,rech1_cn,cn,rech1.dat_cn.tpl
rech1_cn,rech1_cn,cn,rech1.dat_cn.tpl
rech1_cn,rech1_cn,cn,rech1.dat_cn.tpl
rech1_cn,rech1_cn,cn,rech1.dat_cn.tpl
rech1_cn,rech1_cn,cn,rech1.dat_cn.tpl
rech1_cn,rech1_cn,cn,rech1.dat_cn.tpl
rech1_cn,rech1_cn,cn,rech1.dat_cn.tpl
rech1_cn,rech1_cn,cn,rech1.dat_cn.tpl
rech1_cn,rech1_cn,cn,rech1.dat_cn.tpl
rech1_cn,rech1_cn,cn,rech1.dat_cn.tpl
rech1_cn,rech1_cn,cn,rech1.dat_cn.tpl
rech1_cn,rech1_cn,cn,rech1.dat_cn.tpl
rech1_cn,rech1_cn,cn,rech1.dat_cn.tpl
rech1_cn,rech1_cn,cn,rech1.dat_cn.tpl
rech1_cn,rech1_cn,cn,rech1.dat_cn.tpl
rech1_cn,rech1_cn,cn,rech1.dat_cn.tpl
rech1_cn,rech1_cn,cn,rech1.dat_cn.tpl
rech1_cn,rech1_cn,cn,rech1.dat_cn.tpl
rech1_cn,rech1_cn,cn,rech1.dat_cn.tpl
rech1_cn,rech1_cn,cn,rech1.dat_cn.tpl
rech1_cn,rech1_cn,cn,rech1.dat_cn.tpl
rech1_cn,rech1_cn,cn,rech1.dat_cn.tpl
rech1_cn,rech1_cn,cn,rech1.dat_cn.tpl
rech1_cn,rech1_cn,cn,rech1.dat_cn.tpl
rech1_cn,rech1_cn,cn,rech1.dat_cn.tpl
rech1_cn,rech1_cn,cn,rech1.dat_cn.tpl
rech1_cn,rech1_cn,cn,rech1.dat_cn.tpl
rech1_cn,rech1_cn,cn,rech1.dat_cn.tpl
rech1_cn,rech1_cn,cn,rech1.dat_cn.tpl
rech1_cn,rech1_cn,cn,rech1.dat_cn.tpl
rech1_cn,rech1_cn,cn,rech1.dat_cn.tpl
rech1_cn,rech1_cn,cn,rech1.dat_cn.tpl
rech1_cn,rech1_cn,cn,rech1.dat_cn.tpl
rech1_cn,rech1_cn,cn,rech1.dat_cn.tpl
rech1_cn,rech1_cn,cn,rech1.dat_cn.tpl
rech1_cn,rech1_cn,cn,rech1.dat_cn.tpl
rech1_cn,rech1_cn,cn,rech1.dat_cn.tpl
rech1_cn,rech1_cn,cn,rech1.dat_cn.tpl
rech1_cn,rech1_cn,cn,rech1.dat_cn.tpl
rech1_cn,rech1_cn,cn,rech1.dat_cn.tpl
rech1_cn,rech1_cn,cn,rech1.dat_cn.tpl
rech1_cn,rech1_cn,cn,rech1.dat_cn.tpl
rech1_cn,rech1_cn,cn,rech1.dat_cn.tpl
rech1_cn,rech1_cn,cn,rech1.dat_cn.tpl
rech1_cn,rech1_cn,cn,rech1.dat_cn.tpl
rech1_cn,rech1_cn,cn,rech1.dat_cn.tpl
rech1_cn,rech1_cn,cn,rech1.dat_cn.tpl
rech1_cn,rech1_cn,cn,rech1.dat_cn.tpl
rech1_cn,rech1_cn,cn,rech1.dat_cn.tpl
rech1_cn,rech1_cn,cn,rech1.dat_cn.tpl
rech1_cn,rech1_cn,cn,rech1.dat_cn.tpl
rech1_cn,rech1_cn,cn,rech1.dat_cn.tpl
rech1_cn,rech1_cn,cn,rech1.dat_cn.tpl
rech1_cn,rech1_cn,cn,rech1.dat_cn.tpl
rech1_cn,rech1_cn,cn,rech1.dat_cn.tpl
rech1_cn,rech1_cn,cn,rech1.dat_cn.tpl
rech1_cn,rech1_cn,cn,rech1.dat_cn.tpl
rech1_cn,rech1_cn,cn,rech1.dat_cn.tpl
rech1_cn,rech1_cn,cn,rech1.dat_cn.tpl
rech1_cn,rech1_cn,cn,rech1.dat_cn.tpl
rech1_cn,rech1_cn,cn,rech1.dat_cn.tpl
rech1_cn,rech1_cn,cn,rech1.dat_cn.tpl
rech1_cn,rech1_cn,cn,rech1.dat_cn.tpl
rech1_cn,rech1_cn,cn,rech1.dat_cn.tpl
rech1_cn,rech1_cn,cn,rech1.dat_cn.tpl
rech1_cn,rech1_cn,cn,rech1.dat_cn.tpl
rech1_cn,rech1_cn,cn,rech1.dat_cn.tpl
rech1_cn,rech1_cn,cn,rech1.dat_cn.tpl
rech1_cn,rech1_cn,cn,rech1.dat_cn.tpl
rech1_cn,rech1_cn,cn,rech1.dat_cn.tpl
rech1_cn,rech1_cn,cn,rech1.dat_cn.tpl
rech1_cn,rech1_cn,cn,rech1.dat_cn.tpl
rech1_cn,rech1_cn,cn,rech1.dat_cn.tpl
rech1_cn,rech1_cn,cn,rech1.dat_cn.tpl
rech1_cn,rech1_cn,cn,rech1.dat_cn.tpl
rech1_cn,rech1_cn,cn,rech1.dat_cn.tpl
rech1_cn,rech1_cn,cn,rech1.dat_cn.tpl
rech1_cn,rech1_cn,cn,rech1.dat_cn.tpl
rech1_cn,rech1_cn,cn,rech1.dat_cn.tpl
rech1_cn,rech1_cn,cn,rech1.dat_cn.tpl
rech1_cn,rech1_cn,cn,rech1.dat_cn.tpl
rech1_cn,rech1_cn,cn,rech1.dat_cn.tpl
rech1_cn,rech1_cn,cn,rech1.dat_cn.tpl
rech1_cn,rech1_cn,cn,rech1.dat_cn.tpl
rech1_cn,rech1_cn,cn,rech1.dat_cn.tpl
rech1_cn,rech1_cn,cn,rech1.dat_cn.tpl
rech1_cn,rech1_cn,cn,rech1.dat_cn.tpl
rech1_cn,rech1_cn,cn,rech1.dat_cn.tpl
rech1_cn,rech1_cn,cn,rech1.dat_cn.tpl
rech1_cn,rech1_cn,cn,rech1.dat_cn.tpl
rech1_cn,rech1_cn,cn,rech1.dat_cn.tpl
rech1_cn,rech1_cn,cn,rech1.dat_cn.tpl
rech1_cn,rech1_cn,cn,rech1.dat_cn.tpl
rech1_cn,rech1_cn,cn,rech1.dat_cn.tpl
rech1_cn,rech1_cn,cn,rech1.dat_cn.tpl
rech1_cn,rech1_cn,cn,rech1.dat_cn.tpl
rech1_cn,rech1_cn,cn,rech1.dat_cn.tpl
rech1_cn,rech1_cn,cn,rech1.dat_cn.tpl
rech1_cn,rech1_cn,cn,rech1.dat_cn.tpl
rech1_cn,rech1_cn,cn,rech1.dat_cn.tpl
rech1_cn,rech1_cn,cn,rech1.dat_cn.tpl
rech1_cn,rech1_cn,cn,rech1.dat_cn.tpl
rech1_cn,rech1_cn,cn,rech1.dat_cn.tpl
rech1_cn,rech1_cn,cn,rech1.dat_cn.tpl
rech1_cn,rech1_cn,cn,rech1.dat_cn.tpl
rech1_cn,rech1_cn,cn,rech1.dat_cn.tpl
rech1_cn,rech1_cn,cn,rech1.dat_cn.tpl
rech1_cn,rech1_cn,cn,rech1.dat_cn.tpl
rech1_cn,rech1_cn,cn,rech1.dat_cn.tpl
rech1_cn,rech1_cn,cn,rech1.dat_cn.tpl
rech1_cn,rech1_cn,cn,rech1.dat_cn.tpl
rech1_cn,rech1_cn,cn,rech1.dat_cn.tpl
rech1_cn,rech1_cn,cn,rech1.dat_cn.tpl
rech1_cn,rech1_cn,cn,rech1.dat_cn.tpl
rech1_cn,rech1_cn,cn,rech1.dat_cn.tpl
rech1_cn,rech1_cn,cn,rech1.dat_cn.tpl
rech1_cn,rech1_cn,cn,rech1.dat_cn.tpl
rech1_cn,rech1_cn,cn,rech1.dat_cn.tpl
rech1_cn,rech1_cn,cn,rech1.dat_cn.tpl
rech1_cn,rech1_cn,cn,rech1.dat_cn.tpl
rech1_cn,rech1_cn,cn,rech1.dat_cn.tpl
rech1_cn,rech1_cn,cn,rech1.dat_cn.tpl
rech1_cn,rech1_cn,cn,rech1.dat_cn.tpl
rech1_cn,rech1_cn,cn,rech1.dat_cn.tpl
rech1_cn,rech1_cn,cn,rech1.dat_cn.tpl
rech1_cn,rech1_cn,cn,rech1.dat_cn.tpl
rech1_cn,rech1_cn,cn,rech1.dat_cn.tpl
rech1_cn,rech1_cn,cn,rech1.dat_cn.tpl
rech1_cn,rech1_cn,cn,rech1.dat_cn.tpl
rech1_cn,rech1_cn,cn,rech1.dat_cn.tpl
rech1_cn,rech1_cn,cn,rech1.dat_cn.tpl
rech1_cn,rech1_cn,cn,rech1.dat_cn.tpl
rech1_cn,rech1_cn,cn,rech1.dat_cn.tpl
rech1_cn,rech1_cn,cn,rech1.dat_cn.tpl
rech1_cn,rech1_cn,cn,rech1.dat_cn.tpl
rech1_cn,rech1_cn,cn,rech1.dat_cn.tpl
rech1_cn,rech1_cn,cn,rech1.dat_cn.tpl
rech1_cn,rech1_cn,cn,rech1.dat_cn.tpl
rech1_cn,rech1_cn,cn,rech1.dat_cn.tpl
rech1_cn,rech1_cn,cn,rech1.dat_cn.tpl
rech1_cn,rech1_cn,cn,rech1.dat_cn.tpl
rech1_cn,rech1_cn,cn,rech1.dat_cn.tpl
rech1_cn,rech1_cn,cn,rech1.dat_cn.tpl
rech1_cn,rech1_cn,cn,rech1.dat_cn.tpl
rech1_cn,rech1_cn,cn,rech1.dat_cn.tpl
rech1_cn,rech1_cn,cn,rech1.dat_cn.tpl
rech1_cn,rech1_cn,cn,rech1.dat_cn.tpl
rech1_cn,rech1_cn,cn,rech1.dat_cn.tpl
rech1_cn,rech1_cn,cn,rech1.dat_cn.tpl
rech1_cn,rech1_cn,cn,rech1.dat_cn.tpl
rech1_cn,rech1_cn,cn,rech1.dat_cn.tpl
rech1_cn,rech1_cn,cn,rech1.dat_cn.tpl
rech1_cn,rech1_cn,cn,rech1.dat_cn.tpl
rech1_cn,rech1_cn,cn,rech1.dat_cn.tpl
rech1_cn,rech1_cn,cn,rech1.dat_cn.tpl
rech1_cn,rech1_cn,cn,rech1.dat_cn.tpl
rech1_cn,rech1_cn,cn,rech1.dat_cn.tpl
rech1_cn,rech1_cn,cn,rech1.dat_cn.tpl
rech1_cn,rech1_cn,cn,rech1.dat_cn.tpl
rech1_cn,rech1_cn,cn,rech1.dat_cn.tpl
rech1_cn,rech1_cn,cn,rech1.dat_cn.tpl
rech1_cn,rech1_cn,cn,rech1.dat_cn.tpl
rech1_cn,rech1_cn,cn,rech1.dat_cn.tpl
rech1_cn,rech1_cn,cn,rech1.dat_cn.tpl
rech1_cn,rech1_cn,cn,rech1.dat_cn.tpl
rech1_cn,rech1_cn,cn,rech1.dat_cn.tpl
rech1_cn,rech1_cn,cn,rech1.dat_cn.tpl
rech1_cn,rech1_cn,cn,rech1.dat_cn.tpl
rech1_cn,rech1_cn,cn,rech1.dat_cn.tpl
rech1_cn,rech1_cn,cn,rech1.dat_cn.tpl
rech1_cn,rech1_cn,cn,rech1.dat_cn.tpl
rech1_cn,rech1_cn,cn,rech1.dat_cn.tpl
rech1_cn,rech1_cn,cn,rech1.dat_cn.tpl
rech1_cn,rech1_cn,cn,rech1.dat_cn.tpl
rech1_cn,rech1_cn,cn,rech1.dat_cn.tpl
rech1_cn,rech1_cn,cn,rech1.dat_cn.tpl
rech1_cn,rech1_cn,cn,rech1.dat_cn.tpl
rech1_cn,rech1_cn,cn,rech1.dat_cn.tpl
rech1_cn,rech1_cn,cn,rech1.dat_cn.tpl
rech1_cn,rech1_cn,cn,rech1.dat_cn.tpl
rech1_cn,rech1_cn,cn,rech1.dat_cn.tpl
rech1_cn,rech1_cn,cn,rech1.dat_cn.tpl
rech1_cn,rech1_cn,cn,rech1.dat_cn.tpl
rech1_cn,rech1_cn,cn,rech1.dat_cn.tpl
rech1_cn,rech1_cn,cn,rech1.dat_cn.tpl
rech1_cn,rech1_cn,cn,rech1.dat_cn.tpl
rech1_cn,rech1_cn,cn,rech1.dat_cn.tpl
rech1_cn,rech1_cn,cn,rech1.dat_cn.tpl
rech1_cn,rech1_cn,cn,rech1.dat_cn.tpl
rech1_cn,rech1_cn,cn,rech1.dat_cn.tpl
rech1_cn,rech1_cn,cn,rech1.dat_cn.tpl
rech1_cn,rech1_cn,cn,rech1.dat_cn.tpl
rech1_cn,rech1_cn,cn,rech1.dat_cn.tpl
rech1_cn,rech1_cn,cn,rech1.dat_cn.tpl
rech1_cn,rech1_cn,cn,rech1.dat_cn.tpl
rech1_cn,rech1_cn,cn,rech1.dat_cn.tpl
rech1_cn,rech1_cn,cn,rech1.dat_cn.tpl
rech1_cn,rech1_cn,cn,rech1.dat_cn.tpl
rech1_cn,rech1_cn,cn,rech1.dat_cn.tpl
rech1_cn,rech1_cn,cn,rech1.dat_cn.tpl
rech1_cn,rech1_cn,cn,rech1.dat_cn.tpl
rech1_cn,rech1_cn,cn,rech1.dat_cn.tpl
rech1_cn,rech1_cn,cn,rech1.dat_cn.tpl
rech1_cn,rech1_cn,cn,rech1.dat_cn.tpl
rech1_cn,rech1_cn,cn,rech1.dat_cn.tpl
rech1_cn,rech1_cn,cn,rech1.dat_cn.tpl
rech1_cn,rech1_cn,cn,rech1.dat_cn.tpl
rech1_cn,rech1_cn,cn,rech1.dat_cn.tpl
rech1_cn,rech1_cn,cn,rech1.dat_cn.tpl
rech1_cn,rech1_cn,cn,rech1.dat_cn.tpl
rech1_cn,rech1_cn,cn,rech1.dat_cn.tpl
rech1_cn,rech1_cn,cn,rech1.dat_cn.tpl
rech1_cn,rech1_cn,cn,rech1.dat_cn.tpl
rech1_cn,rech1_cn,cn,rech1.dat_cn.tpl
rech1_cn,rech1_cn,cn,rech1.dat_cn.tpl
rech1_cn,rech1_cn,cn,rech1.dat_cn.tpl
rech1_cn,rech1_cn,cn,rech1.dat_cn.tpl
rech1_cn,rech1_cn,cn,rech1.dat_cn.tpl
rech1_cn,rech1_cn,cn,rech1.dat_cn.tpl
rech1_cn,rech1_cn,cn,rech1.dat_cn.tpl
rech1_cn,rech1_cn,cn,rech1.dat_cn.tpl
rech1_cn,rech1_cn,cn,rech1.dat_cn.tpl
rech1_cn,rech1_cn,cn,rech1.dat_cn.tpl
rech1_cn,rech1_cn,cn,rech1.dat_cn.tpl
rech1_cn,rech1_cn,cn,rech1.dat_cn.tpl
rech1_cn,rech1_cn,cn,rech1.dat_cn.tpl
rech1_cn,rech1_cn,cn,rech1.dat_cn.tpl
rech1_cn,rech1_cn,cn,rech1.dat_cn.tpl
rech1_cn,rech1_cn,cn,rech1.dat_cn.tpl
rech1_cn,rech1_cn,cn,rech1.dat_cn.tpl
rech1_cn,rech1_cn,cn,rech1.dat_cn.tpl
rech1_cn,rech1_cn,cn,rech1.dat_cn.tpl
rech1_cn,rech1_cn,cn,rech1.dat_cn.tpl
rech1_cn,rech1_cn,cn,rech1.dat_cn.tpl
rech1_cn,rech1_cn,cn,rech1.dat_cn.tpl
rech1_cn,rech1_cn,cn,rech1.dat_cn.tpl
rech1_cn,rech1_cn,cn,rech1.dat_cn.tpl
rech1_cn,rech1_cn,cn,rech1.dat_cn.tpl
rech1_cn,rech1_cn,cn,rech1.dat_cn.tpl
rech1_cn,rech1_cn,cn,rech1.dat_cn.tpl
rech1_cn,rech1_cn,cn,rech1.dat_cn.tpl
rech1_cn,rech1_cn,cn,rech1.dat_cn.tpl
rech1_cn,rech1_cn,cn,rech1.dat_cn.tpl
rech1_cn,rech1_cn,cn,rech1.dat_cn.tpl
rech1_cn,rech1_cn,cn,rech1.dat_cn.tpl
rech1_cn,rech1_cn,cn,rech1.dat_cn.tpl
rech1_cn,rech1_cn,cn,rech1.dat_cn.tpl
rech1_cn,rech1_cn,cn,rech1.dat_cn.tpl
rech1_cn,rech1_cn,cn,rech1.dat_cn.tpl
rech1_cn,rech1_cn,cn,rech1.dat_cn.tpl
rech1_cn,rech1_cn,cn,rech1.dat_cn.tpl
rech1_cn,rech1_cn,cn,rech1.dat_cn.tpl
rech1_cn,rech1_cn,cn,rech1.dat_cn.tpl
rech1_cn,rech1_cn,cn,rech1.dat_cn.tpl
rech1_cn,rech1_cn,cn,rech1.dat_cn.tpl
rech1_cn,rech1_cn,cn,rech1.dat_cn.tpl
rech1_cn,rech1_cn,cn,rech1.dat_cn.tpl
rech1_cn,rech1_cn,cn,rech1.dat_cn.tpl
rech1_cn,rech1_cn,cn,rech1.dat_cn.tpl
rech1_cn,rech1_cn,cn,rech1.dat_cn.tpl
rech1_cn,rech1_cn,cn,rech1.dat_cn.tpl
rech1_cn,rech1_cn,cn,rech1.dat_cn.tpl
rech1_cn,rech1_cn,cn,rech1.dat_cn.tpl
rech1_cn,rech1_cn,cn,rech1.dat_cn.tpl
rech1_cn,rech1_cn,cn,rech1.dat_cn.tpl
rech1_cn,rech1_cn,cn,rech1.dat_cn.tpl
rech1_cn,rech1_cn,cn,rech1.dat_cn.tpl
rech1_cn,rech1_cn,cn,rech1.dat_cn.tpl
rech1_cn,rech1_cn,cn,rech1.dat_cn.tpl
rech1_cn,rech1_cn,cn,rech1.dat_cn.tpl
rech1_cn,rech1_cn,cn,rech1.dat_cn.tpl
rech1_cn,rech1_cn,cn,rech1.dat_cn.tpl
rech1_cn,rech1_cn,cn,rech1.dat_cn.tpl
rech1_cn,rech1_cn,cn,rech1.dat_cn.tpl
rech1_cn,rech1_cn,cn,rech1.dat_cn.tpl
rech1_cn,rech1_cn,cn,rech1.dat_cn.tpl
rech1_cn,rech1_cn,cn,rech1.dat_cn.tpl
rech1_cn,rech1_cn,cn,rech1.dat_cn.tpl
rech1_cn,rech1_cn,cn,rech1.dat_cn.tpl
rech1_cn,rech1_cn,cn,rech1.dat_cn.tpl
rech1_cn,rech1_cn,cn,rech1.dat_cn.tpl
rech1_cn,rech1_cn,cn,rech1.dat_cn.tpl
rech1_cn,rech1_cn,cn,rech1.dat_cn.tpl
rech1_cn,rech1_cn,cn,rech1.dat_cn.tpl
rech1_cn,rech1_cn,cn,rech1.dat_cn.tpl
rech1_cn,rech1_cn,cn,rech1.dat_cn.tpl
rech1_cn,rech1_cn,cn,rech1.dat_cn.tpl
rech1_cn,rech1_cn,cn,rech1.dat_cn.tpl
rech1_cn,rech1_cn,cn,rech1.dat_cn.tpl
rech1_cn,rech1_cn,cn,rech1.dat_cn.tpl
rech1_cn,rech1_cn,cn,rech1.dat_cn.tpl
rech1_cn,rech1_cn,cn,rech1.dat_cn.tpl
rech1_cn,rech1_cn,cn,rech1.dat_cn.tpl
rech1_cn,rech1_cn,cn,rech1.dat_cn.tpl
rech1_cn,rech1_cn,cn,rech1.dat_cn.tpl
rech1_cn,rech1_cn,cn,rech1.dat_cn.tpl
rech1_cn,rech1_cn,cn,rech1.dat_cn.tpl
rech1_cn,rech1_cn,cn,rech1.dat_cn.tpl
rech1_cn,rech1_cn,cn,rech1.dat_cn.tpl
rech1_cn,rech1_cn,cn,rech1.dat_cn.tpl
rech1_cn,rech1_cn,cn,rech1.dat_cn.tpl
rech1_cn,rech1_cn,cn,rech1.dat_cn.tpl
rech1_cn,rech1_cn,cn,rech1.dat_cn.tpl
rech1_cn,rech1_cn,cn,rech1.dat_cn.tpl
rech1_cn,rech1_cn,cn,rech1.dat_cn.tpl
rech1_cn,rech1_cn,cn,rech1.dat_cn.tpl
rech1_cn,rech1_cn,cn,rech1.dat_cn.tpl
rech1_cn,rech1_cn,cn,rech1.dat_cn.tpl
rech1_cn,rech1_cn,cn,rech1.dat_cn.tpl
rech1_cn,rech1_cn,cn,rech1.dat_cn.tpl
rech1_cn,rech1_cn,cn,rech1.dat_cn.tpl
rech1_cn,rech1_cn,cn,rech1.dat_cn.tpl
rech1_cn,rech1_cn,cn,rech1.dat_cn.tpl
rech1_cn,rech1_cn,cn,rech1.dat_cn.tpl
rech1_cn,rech1_cn,cn,rech1.dat_cn.tpl
rech1_cn,rech1_cn,cn,rech1.dat_cn.tpl
rech1_cn,rech1_cn,cn,rech1.dat_cn.tpl
rech1_cn,rech1_cn,cn,rech1.dat_cn.tpl
rech1_cn,rech1_cn,cn,rech1.dat_cn.tpl
rech1_cn,rech1_cn,cn,rech1.dat_cn.tpl
rech1_cn,rech1_cn,cn,rech1.dat_cn.tpl
rech1_cn,rech1_cn,cn,rech1.dat_cn.tpl
rech1_cn,rech1_cn,cn,rech1.dat_cn.tpl
rech1_cn,rech1_cn,cn,rech1.dat_cn.tpl
rech1_cn,rech1_cn,cn,rech1.dat_cn.tpl
rech1_cn,rech1_cn,cn,rech1.dat_cn.tpl
rech1_cn,rech1_cn,cn,rech1.dat_cn.tpl
rech1_cn,rech1_cn,cn,rech1.dat_cn.tpl
rech1_cn,rech1_cn,cn,rech1.dat_cn.tpl
rech1_cn,rech1_cn,cn,rech1.dat_cn.tpl
rech1_cn,rech1_cn,cn,rech1.dat_cn.tpl
rech1_cn,rech1_cn,cn,rech1.dat_cn.tpl
rech1_cn,rech1_cn,cn,rech1.dat_cn.tpl
rech1_cn,rech1_cn,cn,rech1.dat_cn.tpl
rech1_cn,rech1_cn,cn,rech1.dat_cn.tpl
rech1_cn,rech1_cn,cn,rech1.dat_cn.tpl
rech1_cn,rech1_cn,cn,rech1.dat_cn.tpl
rech1_cn,rech1_cn,cn,rech1.dat_cn.tpl
rech1_cn,rech1_cn,cn,rech1.dat_cn.tpl
rech1_cn,rech1_cn,cn,rech1.dat_cn.tpl
rech1_cn,rech1_cn,cn,rech1.dat_cn.tpl
rech1_cn,rech1_cn,cn,rech1.dat_cn.tpl
rech1_cn,rech1_cn,cn,rech1.dat_cn.tpl
rech1_cn,rech1_cn,cn,rech1.dat_cn.tpl
rech1_cn,rech1_cn,cn,rech1.dat_cn.tpl
rech1_cn,rech1_cn,cn,rech1.dat_cn.tpl
rech1_cn,rech1_cn,cn,rech1.dat_cn.tpl
rech1_cn,rech1_cn,cn,rech1.dat_cn.tpl
rech1_cn,rech1_cn,cn,rech1.dat_cn.tpl
rech1_cn,rech1_cn,cn,rech1.dat_cn.tpl
rech1_cn,rech1_cn,cn,rech1.dat_cn.tpl
rech1_cn,rech1_cn,cn,rech1.dat_cn.tpl
rech1_cn,rech1_cn,cn,rech1.dat_cn.tpl
rech1_cn,rech1_cn,cn,rech1.dat_cn.tpl
rech1_cn,rech1_cn,cn,rech1.dat_cn.tpl
rech1_cn,rech1_cn,cn,rech1.dat_cn.tpl
rech1_cn,rech1_cn,cn,rech1.dat_cn.tpl
rech1_cn,rech1_cn,cn,rech1.dat_cn.tpl
rech1_cn,rech1_cn,cn,rech1.dat_cn.tpl
rech1_cn,rech1_cn,cn,rech1.dat_cn.tpl
rech1_cn,rech1_cn,cn,rech1.dat_cn.tpl
rech1_cn,rech1_cn,cn,rech1.dat_cn.tpl
rech1_cn,rech1_cn,cn,rech1.dat_cn.tpl
rech1_cn,rech1_cn,cn,rech1.dat_cn.tpl
rech1_cn,rech1_cn,cn,rech1.dat_cn.tpl
rech1_cn,rech1_cn,cn,rech1.dat_cn.tpl
rech1_cn,rech1_cn,cn,rech1.dat_cn.tpl
rech1_cn,rech1_cn,cn,rech1.dat_cn.tpl
rech1_cn,rech1_cn,cn,rech1.dat_cn.tpl
rech1_cn,rech1_cn,cn,rech1.dat_cn.tpl
rech1_cn,rech1_cn,cn,rech1.dat_cn.tpl
rech1_cn,rech1_cn,cn,rech1.dat_cn.tpl
rech1_cn,rech1_cn,cn,rech1.dat_cn.tpl
rech1_cn,rech1_cn,cn,rech1.dat_cn.tpl
rech1_cn,rech1_cn,cn,rech1.dat_cn.tpl
rech1_cn,rech1_cn,cn,rech1.dat_cn.tpl
rech1_cn,rech1_cn,cn,rech1.dat_cn.tpl
rech1_cn,rech1_cn,cn,rech1.dat_cn.tpl
rech1_cn,rech1_cn,cn,rech1.dat_cn.tpl
rech1_cn,rech1_cn,cn,rech1.dat_cn.tpl
rech1_cn,rech1_cn,cn,rech1.dat_cn.tpl
rech1_cn,rech1_cn,cn,rech1.dat_cn.tpl
rech1_cn,rech1_cn,cn,rech1.dat_cn.tpl
rech1_cn,rech1_cn,cn,rech1.dat_cn.tpl
rech1_cn,rech1_cn,cn,rech1.dat_cn.tpl
rech1_cn,rech1_cn,cn,rech1.dat_cn.tpl
rech1_cn,rech1_cn,cn,rech1.dat_cn.tpl
rech1_cn,rech1_cn,cn,rech1.dat_cn.tpl
rech1_cn,rech1_cn,cn,rech1.dat_cn.tpl
rech1_cn,rech1_cn,cn,rech1.dat_cn.tpl
rech1_cn,rech1_cn,cn,rech1.dat_cn.tpl
rech1_cn,rech1_cn,cn,rech1.dat_cn.tpl
rech1_cn,rech1_cn,cn,rech1.dat_cn.tpl
rech1_cn,rech1_cn,cn,rech1.dat_cn.tpl
rech1_cn,rech1_cn,cn,rech1.dat_cn.tpl
rech1_cn,rech1_cn,cn,rech1.dat_cn.tpl
rech1_cn,rech1_cn,cn,rech1.dat_cn.tpl
rech1_cn,rech1_cn,cn,rech1.dat_cn.tpl
rech1_cn,rech1_cn,cn,rech1.dat_cn.tpl
rech1_cn,rech1_cn,cn,rech1.dat_cn.tpl
rech1_cn,rech1_cn,cn,rech1.dat_cn.tpl
rech1_cn,rech1_cn,cn,rech1.dat_cn.tpl
rech1_cn,rech1_cn,cn,rech1.dat_cn.tpl
rech1_cn,rech1_cn,cn,rech1.dat_cn.tpl
rech1_cn,rech1_cn,cn,rech1.dat_cn.tpl
rech1_cn,rech1_cn,cn,rech1.dat_cn.tpl
rech1_cn,rech1_cn,cn,rech1.dat_cn.tpl
rech1_cn,rech1_cn,cn,rech1.dat_cn.tpl
rech1_cn,rech1_cn,cn,rech1.dat_cn.tpl
rech1_cn,rech1_cn,cn,rech1.dat_cn.tpl
rech1_cn,rech1_cn,cn,rech1.dat_cn.tpl
rech1_cn,rech1_cn,cn,rech1.dat_cn.tpl
rech1_cn,rech1_cn,cn,rech1.dat_cn.tpl
rech1_cn,rech1_cn,cn,rech1.dat_cn.tpl
rech1_cn,rech1_cn,cn,rech1.dat_cn.tpl
rech1_cn,rech1_cn,cn,rech1.dat_cn.tpl
rech1_cn,rech1_cn,cn,rech1.dat_cn.tpl
rech1_cn,rech1_cn,cn,rech1.dat_cn.tpl
rech1_cn,rech1_cn,cn,rech1.dat_cn.tpl
rech1_cn,rech1_cn,cn,rech1.dat_cn.tpl
rech1_cn,rech1_cn,cn,rech1.dat_cn.tpl
rech1_cn,rech1_cn,cn,rech1.dat_cn.tpl
rech1_cn,rech1_cn,cn,rech1.dat_cn.tpl
rech1_cn,rech1_cn,cn,rech1.dat_cn.tpl
rech1_cn,rech1_cn,cn,rech1.dat_cn.tpl
rech1_cn,rech1_cn,cn,rech1.dat_cn.tpl
rech1_cn,rech1_cn,cn,rech1.dat_cn.tpl
rech1_cn,rech1_cn,cn,rech1.dat_cn.tpl
rech1_cn,rech1_cn,cn,rech1.dat_cn.tpl
rech1_cn,rech1_cn,cn,rech1.dat_cn.tpl
rech1_cn,rech1_cn,cn,rech1.dat_cn.tpl
rech1_cn,rech1_cn,cn,rech1.dat_cn.tpl
rech1_cn,rech1_cn,cn,rech1.dat_cn.tpl
rech1_cn,rech1_cn,cn,rech1.dat_cn.tpl
rech1_cn,rech1_cn,cn,rech1.dat_cn.tpl
rech1_cn,rech1_cn,cn,rech1.dat_cn.tpl
rech1_cn,rech1_cn,cn,rech1.dat_cn.tpl
rech1_cn,rech1_cn,cn,rech1.dat_cn.tpl
rech1_cn,rech1_cn,cn,rech1.dat_cn.tpl
rech1_cn,rech1_cn,cn,rech1.dat_cn.tpl
rech1_cn,rech1_cn,cn,rech1.dat_cn.tpl
rech1_cn,rech1_cn,cn,rech1.dat_cn.tpl
rech1_cn,rech1_cn,cn,rech1.dat_cn.tpl
rech1_cn,rech1_cn,cn,rech1.dat_cn.tpl
rech1_cn,rech1_cn,cn,rech1.dat_cn.tpl
rech1_cn,rech1_cn,cn,rech1.dat_cn.tpl
rech1_cn,rech1_cn,cn,rech1.dat_cn.tpl
rech1_cn,rech1_cn,cn,rech1.dat_cn.tpl
rech1_cn,rech1_cn,cn,rech1.dat_cn.tpl
rech1_cn,rech1_cn,cn,rech1.dat_cn.tpl
rech1_cn,rech1_cn,cn,rech1.dat_cn.tpl
rech1_cn,rech1_cn,cn,rech1.dat_cn.tpl
rech1_cn,rech1_cn,cn,rech1.dat_cn.tpl
rech1_cn,rech1_cn,cn,rech1.dat_cn.tpl
rech1_cn,rech1_cn,cn,rech1.dat_cn.tpl
rech1_cn,rech1_cn,cn,rech1.dat_cn.tpl
rech1_cn,rech1_cn,cn,rech1.dat_cn.tpl
rech1_cn,rech1_cn,cn,rech1.dat_cn.tpl
rech1_cn,rech1_cn,cn,rech1.dat_cn.tpl
rech1_cn,rech1_cn,cn,rech1.dat_cn.tpl
rech1_cn,rech1_cn,cn,rech1.dat_cn.tpl
rech1_cn,rech1_cn,cn,rech1.dat_cn.tpl
rech1_cn,rech1_cn,cn,rech1.dat_cn.tpl
rech1_cn,rech1_cn,cn,rech1.dat_cn.tpl
rech1_cn,rech1_cn,cn,rech1.dat_cn.tpl
rech1_cn,rech1_cn,cn,rech1.dat_cn.tpl
rech1_cn,rech1_cn,cn,rech1.dat_cn.tpl
rech1_cn,rech1_cn,cn,rech1.dat_cn.tpl
rech1_cn,rech1_cn,cn,rech1.dat_cn.tpl
rech1_cn,rech1_cn,cn,rech1.dat_cn.tpl
rech1_cn,rech1_cn,cn,rech1.dat_cn.tpl
rech1_cn,rech1_cn,cn,rech1.dat_cn.tpl
rech1_cn,rech1_cn,cn,rech1.dat_cn.tpl
rech1_cn,rech1_cn,cn,rech1.dat_cn.tpl
rech1_cn,rech1_cn,cn,rech1.dat_cn.tpl
rech1_cn,rech1_cn,cn,rech1.dat_cn.tpl
rech1_cn,rech1_cn,cn,rech1.dat_cn.tpl
rech1_cn,rech1_cn,cn,rech1.dat_cn.tpl
rech1_cn,rech1_cn,cn,rech1.dat_cn.tpl
rech1_cn,rech1_cn,cn,rech1.dat_cn.tpl
rech1_cn,rech1_cn,cn,rech1.dat_cn.tpl
rech1_cn,rech1_cn,cn,rech1.dat_cn.tpl
rech1_cn,rech1_cn,cn,rech1.dat_cn.tpl
rech1_cn,rech1_cn,cn,rech1.dat_cn.tpl
rech1_cn,rech1_cn,cn,rech1.dat_cn.tpl
rech1_cn,rech1_cn,cn,rech1.dat_cn.tpl
rech1_cn,rech1_cn,cn,rech1.dat_cn.tpl
rech1_cn,rech1_cn,cn,rech1.dat_cn.tpl
rech1_cn,rech1_cn,cn,rech1.dat_cn.tpl
rech1_cn,rech1_cn,cn,rech1.dat_cn.tpl
rech1_cn,rech1_cn,cn,rech1.dat_cn.tpl
rech1_cn,rech1_cn,cn,rech1.dat_cn.tpl
rech1_cn,rech1_cn,cn,rech1.dat_cn.tpl
rech1_cn,rech1_cn,cn,rech1.dat_cn.tpl
rech1_cn,rech1_cn,cn,rech1.dat_cn.tpl
rech1_cn,rech1_cn,cn,rech1.dat_cn.tpl
rech1_cn,rech1_cn,cn,rech1.dat_cn.tpl
rech1_cn,rech1_cn,cn,rech1.dat_cn.tpl
rech1_cn,rech1_cn,cn,rech1.dat_cn.tpl
rech1_cn,rech1_cn,cn,rech1.dat_cn.tpl
rech1_cn,rech1_cn,cn,rech1.dat_cn.tpl
rech1_cn,rech1_cn,cn,rech1.dat_cn.tpl
rech1_cn,rech1_cn,cn,rech1.dat_cn.tpl
rech1_cn,rech1_cn,cn,rech1.dat_cn.tpl
rech1_cn,rech1_cn,cn,rech1.dat_cn.tpl
rech1_cn,rech1_cn,cn,rech1.dat_cn.tpl
rech1_cn,rech1_cn,cn,rech1.dat_cn.tpl
rech1_cn,rech1_cn,cn,rech1.dat_cn.tpl
rech1_cn,rech1_cn,cn,rech1.dat_cn.tpl
rech1_cn,rech1_cn,cn,rech1.dat_cn.tpl
rech1_cn,rech1_cn,cn,rech1.dat_cn.tpl
rech1_cn,rech1_cn,cn,rech1.dat_cn.tpl
rech1_cn,rech1_cn,cn,rech1.dat_cn.tpl
rech1_cn,rech1_cn,cn,rech1.dat_cn.tpl
rech1_cn,rech1_cn,cn,rech1.dat_cn.tpl
rech1_cn,rech1_cn,cn,rech1.dat_cn.tpl
rech1_cn,rech1_cn,cn,rech1.dat_cn.tpl
rech1_cn,rech1_cn,cn,rech1.dat_cn.tpl
rech1_cn,rech1_cn,cn,rech1.dat_cn.tpl
rech1_cn,rech1_cn,cn,rech1.dat_cn.tpl
rech1_cn,rech1_cn,cn,rech1.dat_cn.tpl
rech1_cn,rech1_cn,cn,rech1.dat_cn.tpl
rech1_cn,rech1_cn,cn,rech1.dat_cn.tpl
rech1_cn,rech1_cn,cn,rech1.dat_cn.tpl
rech1_cn,rech1_cn,cn,rech1.dat_cn.tpl
rech1_cn,rech1_cn,cn,rech1.dat_cn.tpl
rech1_cn,rech1_cn,cn,rech1.dat_cn.tpl
rech1_cn,rech1_cn,cn,rech1.dat_cn.tpl
rech1_cn,rech1_cn,cn,rech1.dat_cn.tpl
rech1_cn,rech1_cn,cn,rech1.dat_cn.tpl
rech1_cn,rech1_cn,cn,rech1.dat_cn.tpl
rech1_cn,rech1_cn,cn,rech1.dat_cn.tpl
rech1_cn,rech1_cn,cn,rech1.dat_cn.tpl
rech1_cn,rech1_cn,cn,rech1.dat_cn.tpl
rech1_cn,rech1_cn,cn,rech1.dat_cn.tpl
rech1_cn,rech1_cn,cn,rech1.dat_cn.tpl
rech1_cn,rech1_cn,cn,rech1.dat_cn.tpl
rech1_cn,rech1_cn,cn,rech1.dat_cn.tpl
rech1_cn,rech1_cn,cn,rech1.dat_cn.tpl
rech1_cn,rech1_cn,cn,rech1.dat_cn.tpl
rech1_cn,rech1_cn,cn,rech1.dat_cn.tpl
rech1_cn,rech1_cn,cn,rech1.dat_cn.tpl
rech1_cn,rech1_cn,cn,rech1.dat_cn.tpl
rech1_cn,rech1_cn,cn,rech1.dat_cn.tpl
rech1_cn,rech1_cn,cn,rech1.dat_cn.tpl
rech1_cn,rech1_cn,cn,rech1.dat_cn.tpl
rech1_cn,rech1_cn,cn,rech1.dat_cn.tpl
rech1_cn,rech1_cn,cn,rech1.dat_cn.tpl
rech1_cn,rech1_cn,cn,rech1.dat_cn.tpl
rech1_cn,rech1_cn,cn,rech1.dat_cn.tpl
rech1_cn,rech1_cn,cn,rech1.dat_cn.tpl
rech1_cn,rech1_cn,cn,rech1.dat_cn.tpl
rech1_cn,rech1_cn,cn,rech1.dat_cn.tpl
rech1_cn,rech1_cn,cn,rech1.dat_cn.tpl
rech1_cn,rech1_cn,cn,rech1.dat_cn.tpl
rech1_cn,rech1_cn,cn,rech1.dat_cn.tpl
rech1_cn,rech1_cn,cn,rech1.dat_cn.tpl
rech1_cn,rech1_cn,cn,rech1.dat_cn.tpl
rech1_cn,rech1_cn,cn,rech1.dat_cn.tpl
rech1_cn,rech1_cn,cn,rech1.dat_cn.tpl
rech1_cn,rech1_cn,cn,rech1.dat_cn.tpl
rech1_cn,rech1_cn,cn,rech1.dat_cn.tpl
rech1_cn,rech1_cn,cn,rech1.dat_cn.tpl
rech1_cn,rech1_cn,cn,rech1.dat_cn.tpl
rech1_cn,rech1_cn,cn,rech1.dat_cn.tpl
rech1_cn,rech1_cn,cn,rech1.dat_cn.tpl
rech1_cn,rech1_cn,cn,rech1.dat_cn.tpl
rech1_cn,rech1_cn,cn,rech1.dat_cn.tpl
rech1_cn,rech1_cn,cn,rech1.dat_cn.tpl
rech1_cn,rech1_cn,cn,rech1.dat_cn.tpl
rech1_cn,rech1_cn,cn,rech1.dat_cn.tpl
rech1_cn,rech1_cn,cn,rech1.dat_cn.tpl
rech1_cn,rech1_cn,cn,rech1.dat_cn.tpl
rech1_cn,rech1_cn,cn,rech1.dat_cn.tpl
rech1_cn,rech1_cn,cn,rech1.dat_cn.tpl
rech1_cn,rech1_cn,cn,rech1.dat_cn.tpl
rech1_cn,rech1_cn,cn,rech1.dat_cn.tpl
rech1_cn,rech1_cn,cn,rech1.dat_cn.tpl
rech1_cn,rech1_cn,cn,rech1.dat_cn.tpl
rech1_cn,rech1_cn,cn,rech1.dat_cn.tpl
rech1_cn,rech1_cn,cn,rech1.dat_cn.tpl
rech1_cn,rech1_cn,cn,rech1.dat_cn.tpl
rech1_cn,rech1_cn,cn,rech1.dat_cn.tpl
rech1_cn,rech1_cn,cn,rech1.dat_cn.tpl
rech1_cn,rech1_cn,cn,rech1.dat_cn.tpl
rech1_cn,rech1_cn,cn,rech1.dat_cn.tpl
rech1_cn,rech1_cn,cn,rech1.dat_cn.tpl
rech1_cn,rech1_cn,cn,rech1.dat_cn.tpl
rech1_cn,rech1_cn,cn,rech1.dat_cn.tpl
rech1_cn,rech1_cn,cn,rech1.dat_cn.tpl
rech1_cn,rech1_cn,cn,rech1.dat_cn.tpl
rech1_cn,rech1_cn,cn,rech1.dat_cn.tpl
rech1_cn,rech1_cn,cn,rech1.dat_cn.tpl
rech1_cn,rech1_cn,cn,rech1.dat_cn.tpl
rech1_cn,rech1_cn,cn,rech1.dat_cn.tpl
rech1_cn,rech1_cn,cn,rech1.dat_cn.tpl
rech1_cn,rech1_cn,cn,rech1.dat_cn.tpl
rech1_cn,rech1_cn,cn,rech1.dat_cn.tpl
rech1_cn,rech1_cn,cn,rech1.dat_cn.tpl
rech1_cn,rech1_cn,cn,rech1.dat_cn.tpl
rech1_cn,rech1_cn,cn,rech1.dat_cn.tpl
rech1_cn,rech1_cn,cn,rech1.dat_cn.tpl
rech1_cn,rech1_cn,cn,rech1.dat_cn.tpl
rech1_cn,rech1_cn,cn,rech1.dat_cn.tpl
rech1_cn,rech1_cn,cn,rech1.dat_cn.tpl
rech1_cn,rech1_cn,cn,rech1.dat_cn.tpl
rech1_cn,rech1_cn,cn,rech1.dat_cn.tpl
rech1_cn,rech1_cn,cn,rech1.dat_cn.tpl
rech1_cn,rech1_cn,cn,rech1.dat_cn.tpl
rech1_cn,rech1_cn,cn,rech1.dat_cn.tpl
rech1_cn,rech1_cn,cn,rech1.dat_cn.tpl
rech1_cn,rech1_cn,cn,rech1.dat_cn.tpl
rech1_cn,rech1_cn,cn,rech1.dat_cn.tpl
rech1_cn,rech1_cn,cn,rech1.dat_cn.tpl
rech1_cn,rech1_cn,cn,rech1.dat_cn.tpl
rech1_cn,rech1_cn,cn,rech1.dat_cn.tpl
rech1_cn,rech1_cn,cn,rech1.dat_cn.tpl
rech1_cn,rech1_cn,cn,rech1.dat_cn.tpl
rech1_cn,rech1_cn,cn,rech1.dat_cn.tpl
rech1_cn,rech1_cn,cn,rech1.dat_cn.tpl
rech1_cn,rech1_cn,cn,rech1.dat_cn.tpl
rech1_cn,rech1_cn,cn,rech1.dat_cn.tpl
rech1_cn,rech1_cn,cn,rech1.dat_cn.tpl
rech1_cn,rech1_cn,cn,rech1.dat_cn.tpl
rech1_cn,rech1_cn,cn,rech1.dat_cn.tpl
rech1_cn,rech1_cn,cn,rech1.dat_cn.tpl
rech1_cn,rech1_cn,cn,rech1.dat_cn.tpl
rech1_cn,rech1_cn,cn,rech1.dat_cn.tpl
rech1_cn,rech1_cn,cn,rech1.dat_cn.tpl
rech1_cn,rech1_cn,cn,rech1.dat_cn.tpl
rech1_cn,rech1_cn,cn,rech1.dat_cn.tpl
rech1_cn,rech1_cn,cn,rech1.dat_cn.tpl
rech1_cn,rech1_cn,cn,rech1.dat_cn.tpl
rech1_cn,rech1_cn,cn,rech1.dat_cn.tpl
rech1_cn,rech1_cn,cn,rech1.dat_cn.tpl
rech1_cn,rech1_cn,cn,rech1.dat_cn.tpl
rech1_cn,rech1_cn,cn,rech1.dat_cn.tpl
rech1_cn,rech1_cn,cn,rech1.dat_cn.tpl
rech1_cn,rech1_cn,cn,rech1.dat_cn.tpl
rech1_cn,rech1_cn,cn,rech1.dat_cn.tpl
rech1_cn,rech1_cn,cn,rech1.dat_cn.tpl
rech1_cn,rech1_cn,cn,rech1.dat_cn.tpl
rech1_cn,rech1_cn,cn,rech1.dat_cn.tpl
rech1_cn,rech1_cn,cn,rech1.dat_cn.tpl
rech1_cn,rech1_cn,cn,rech1.dat_cn.tpl
rech1_cn,rech1_cn,cn,rech1.dat_cn.tpl
rech1_cn,rech1_cn,cn,rech1.dat_cn.tpl
rech1_cn,rech1_cn,cn,rech1.dat_cn.tpl
rech1_cn,rech1_cn,cn,rech1.dat_cn.tpl
rech1_cn,rech1_cn,cn,rech1.dat_cn.tpl
rech1_cn,rech1_cn,cn,rech1.dat_cn.tpl
rech1_cn,rech1_cn,cn,rech1.dat_cn.tpl
rech1_cn,rech1_cn,cn,rech1.dat_cn.tpl
rech1_cn,rech1_cn,cn,rech1.dat_cn.tpl
rech1_cn,rech1_cn,cn,rech1.dat_cn.tpl
rech1_cn,rech1_cn,cn,rech1.dat_cn.tpl
rech1_cn,rech1_cn,cn,rech1.dat_cn.tpl
rech1_cn,rech1_cn,cn,rech1.dat_cn.tpl
rech1_cn,rech1_cn,cn,rech1.dat_cn.tpl
rech1_cn,rech1_cn,cn,rech1.dat_cn.tpl
rech1_cn,rech1_cn,cn,rech1.dat_cn.tpl
rech1_cn,rech1_cn,cn,rech1.dat_cn.tpl
rech1_cn,rech1_cn,cn,rech1.dat_cn.tpl
rech1_cn,rech1_cn,cn,rech1.dat_cn.tpl
rech1_cn,rech1_cn,cn,rech1.dat_cn.tpl
rech1_cn,rech1_cn,cn,rech1.dat_cn.tpl
rech1_cn,rech1_cn,cn,rech1.dat_cn.tpl
rech1_cn,rech1_cn,cn,rech1.dat_cn.tpl
rech1_cn,rech1_cn,cn,rech1.dat_cn.tpl
rech1_cn,rech1_cn,cn,rech1.dat_cn.tpl
rech1_cn,rech1_cn,cn,rech1.dat_cn.tpl
rech1_cn,rech1_cn,cn,rech1.dat_cn.tpl
rech1_cn,rech1_cn,cn,rech1.dat_cn.tpl
rech1_cn,rech1_cn,cn,rech1.dat_cn.tpl
rech1_cn,rech1_cn,cn,rech1.dat_cn.tpl
rech1_cn,rech1_cn,cn,rech1.dat_cn.tpl
rech1_cn,rech1_cn,cn,rech1.dat_cn.tpl
rech1_cn,rech1_cn,cn,rech1.dat_cn.tpl
rech1_cn,rech1_cn,cn,rech1.dat_cn.tpl
rech1_cn,rech1_cn,cn,rech1.dat_cn.tpl
rech1_cn,rech1_cn,cn,rech1.dat_cn.tpl
rech1_cn,rech1_cn,cn,rech1.dat_cn.tpl
rech1_cn,rech1_cn,cn,rech1.dat_cn.tpl
rech1_cn,rech1_cn,cn,rech1.dat_cn.tpl
rech1_cn,rech1_cn,cn,rech1.dat_cn.tpl
rech1_cn,rech1_cn,cn,rech1.dat_cn.tpl
rech1_cn,rech1_cn,cn,rech1.dat_cn.tpl
rech1_cn,rech1_cn,cn,rech1.dat_cn.tpl
rech1_cn,rech1_cn,cn,rech1.dat_cn.tpl
rech1_cn,rech1_cn,cn,rech1.dat_cn.tpl
rech1_cn,rech1_cn,cn,rech1.dat_cn.tpl
